0.742083,0.670308,1.000000
0.391346,0.920244,-1.000000
0.899421,0.437083,-1.000000
0.321536,0.946897,1.000000
0.974115,0.226053,1.000000
0.988342,-0.152249,1.000000
-0.308954,0.951077,1.000000
0.963374,-0.268163,1.000000
-0.399470,0.916746,1.000000
-0.654338,0.756202,1.000000
-0.741959,0.670445,-1.000000
0.643908,-0.765103,-1.000000
0.558761,-0.829329,-1.000000
-0.950639,0.310300,1.000000
-0.955085,0.296331,1.000000
-0.979866,0.199656,1.000000
-0.989193,0.146616,1.000000
0.191301,-0.981531,-1.000000
0.125465,-0.992098,1.000000
0.105981,-0.994368,1.000000
0.047343,-0.998879,-1.000000
-0.012760,-0.999919,-1.000000
-0.950760,-0.309928,1.000000
-0.938333,-0.345732,-1.000000
-0.932455,-0.361285,1.000000
-0.358545,-0.933513,1.000000
-0.899535,-0.436849,1.000000
-0.899100,-0.437743,1.000000
-0.540806,-0.841147,1.000000
-0.707132,-0.707082,-1.000000
-0.705345,-0.708864,1.000000
-0.678990,-0.734147,1.000000
-0.641229,-0.767349,1.000000
-0.775265,-0.631636,1.000000
-0.308814,-0.951122,-1.000000
-0.163512,-0.986541,-1.000000
-0.038770,-0.999248,-1.000000
-0.980385,-0.197092,1.000000
0.064408,-0.997924,-1.000000
-0.984868,0.173307,1.000000
-0.983350,0.181720,1.000000
-0.980138,0.198316,-1.000000
0.453947,-0.891029,-1.000000
0.457918,-0.888994,-1.000000
0.534282,-0.845307,-1.000000
-0.929985,0.367598,-1.000000
-0.922433,0.386158,1.000000
0.630902,-0.775863,1.000000
-0.714971,0.699154,1.000000
0.888071,-0.459707,1.000000
0.892510,-0.451027,-1.000000
0.911168,-0.412035,-1.000000
-0.543967,0.839107,-1.000000
-0.402899,0.915245,-1.000000
-0.368092,0.929789,-1.000000
0.993440,-0.114357,-1.000000
0.996965,-0.077856,-1.000000
0.999808,0.019584,-1.000000
0.209464,0.977816,1.000000
0.764403,0.644739,-1.000000
0.688967,0.724792,-1.000000
0.561086,0.827757,1.000000
0.579166,0.815210,-1.000000
0.621094,0.783736,1.000000
0.537864,0.843031,1.000000
0.503844,0.863795,-1.000000
0.707965,0.706248,1.000000
0.449169,0.893447,1.000000
0.716719,0.697363,1.000000
0.409948,0.912109,1.000000
0.825850,0.563890,-1.000000
0.132505,0.991182,-1.000000
0.958959,0.283544,-1.000000
-0.298686,0.954351,1.000000
-0.383612,0.923495,-1.000000
-0.397645,0.917539,-1.000000
0.988364,-0.152104,-1.000000
-0.462320,0.886713,-1.000000
-0.613238,0.789899,1.000000
-0.724969,0.688781,1.000000
0.778314,-0.627876,1.000000
-0.958779,0.284153,-1.000000
-0.985210,0.171353,1.000000
-0.986069,0.166336,1.000000
-0.995788,0.091682,-1.000000
0.391554,-0.920155,1.000000
0.169378,-0.985551,1.000000
-0.989682,-0.143280,1.000000
0.069768,-0.997563,1.000000
0.059537,-0.998226,-1.000000
0.050862,-0.998706,1.000000
-0.963293,-0.268453,1.000000
-0.956117,-0.292985,1.000000
-0.826645,-0.562724,1.000000
-0.487936,-0.872879,1.000000
-0.588007,-0.808856,-1.000000
0.604835,-0.796351,-1.000000
0.588228,-0.808695,1.000000
0.901242,-0.433316,1.000000
-0.175383,-0.984500,-1.000000
0.999414,-0.034224,1.000000
0.999810,-0.019487,-1.000000
0.921911,0.387401,-1.000000
0.902359,0.430985,1.000000
-0.641615,-0.767027,1.000000
0.897448,0.441120,-1.000000
-0.680560,-0.732693,-1.000000
0.799534,0.600621,-1.000000
0.785306,0.619108,-1.000000
-0.948429,-0.316989,-1.000000
0.528870,0.848703,-1.000000
0.385255,0.922810,-1.000000
0.353620,0.935389,-1.000000
-0.996991,-0.077521,1.000000
-0.996450,0.084185,-1.000000
-0.993306,0.115516,-1.000000
0.091445,0.995810,-1.000000
0.030785,0.999526,-1.000000
-0.959237,0.282601,1.000000
-0.801804,0.597587,-1.000000
-0.734165,0.678971,1.000000
-0.723620,0.690199,-1.000000
-0.501917,0.864916,1.000000
-0.691449,0.722425,1.000000
-0.570393,0.821372,1.000000
-0.599802,0.800149,-1.000000
-0.610214,0.792237,-1.000000
-0.614199,0.789151,-1.000000
-0.813921,-0.580976,1.000000
0.125361,-0.992111,1.000000
-0.936046,-0.351877,1.000000
0.405785,-0.913969,-1.000000
-0.970701,-0.240290,1.000000
-0.991224,-0.132191,-1.000000
0.534699,-0.845043,-1.000000
-0.980935,0.194336,1.000000
0.854843,-0.518887,-1.000000
0.864521,-0.502596,-1.000000
-0.877125,0.480262,-1.000000
0.929181,-0.369624,-1.000000
0.938130,-0.346282,-1.000000
0.941970,-0.335698,-1.000000
-0.784571,0.620039,1.000000
-0.768406,0.639962,-1.000000
0.998425,0.056104,-1.000000
0.998365,0.057160,1.000000
-0.585687,0.810538,-1.000000
-0.584766,0.811202,-1.000000
0.997231,0.074367,-1.000000
0.978619,0.205683,-1.000000
-0.261333,0.965249,-1.000000
-0.248229,0.968701,-1.000000
0.834209,0.551449,1.000000
-0.092140,0.995746,1.000000
0.761263,0.648443,1.000000
0.049158,0.998791,1.000000
0.110925,0.993829,1.000000
0.179207,0.983811,-1.000000
0.227696,0.973732,1.000000
0.426508,0.904484,-1.000000
0.100579,0.994929,-1.000000
0.639099,0.769125,-1.000000
-0.338543,0.940951,-1.000000
-0.396528,0.918023,1.000000
-0.492225,0.870468,1.000000
-0.520568,0.853820,-1.000000
-0.539683,0.841868,-1.000000
-0.830853,0.556492,-1.000000
0.998636,0.052207,-1.000000
0.999959,-0.009043,1.000000
0.995852,-0.090983,-1.000000
-0.950900,0.309498,1.000000
0.993536,-0.113517,1.000000
-0.998427,0.056072,-1.000000
0.885417,-0.464797,-1.000000
-0.991011,-0.133777,1.000000
0.819107,-0.573641,1.000000
0.806742,-0.590904,-1.000000
0.695878,-0.718160,-1.000000
0.688966,-0.724793,-1.000000
-0.910344,-0.413853,1.000000
0.654319,-0.756219,-1.000000
-0.902341,-0.431022,-1.000000
-0.881815,-0.471596,1.000000
-0.835289,-0.549811,-1.000000
0.461044,-0.887377,1.000000
-0.635141,-0.772396,1.000000
0.259772,-0.965670,-1.000000
-0.511216,-0.859452,-1.000000
0.050332,-0.998733,-1.000000
-0.212416,-0.977179,-1.000000
-0.205749,-0.978605,-1.000000
-0.265811,-0.964025,1.000000
-0.475505,-0.879713,-1.000000
0.148174,-0.988961,-1.000000
0.351209,-0.936297,1.000000
-0.748071,-0.663618,1.000000
0.486082,-0.873913,-1.000000
0.523548,-0.851996,1.000000
-0.896350,-0.443348,-1.000000
0.631800,-0.775131,-1.000000
0.633926,-0.773393,-1.000000
0.634487,-0.772934,1.000000
0.683737,-0.729728,-1.000000
0.696230,-0.717819,-1.000000
-0.951755,-0.306860,-1.000000
-0.982802,-0.184664,-1.000000
0.830700,-0.556720,-1.000000
0.897435,-0.441146,-1.000000
0.936558,-0.350512,1.000000
0.943312,-0.331908,-1.000000
0.946854,-0.321664,-1.000000
0.977080,0.212873,-1.000000
-0.790972,0.611853,-1.000000
-0.762235,0.647301,-1.000000
0.820537,0.571594,-1.000000
0.591021,0.806656,-1.000000
0.539933,0.841708,1.000000
0.010986,0.999940,-1.000000
0.344960,0.938617,-1.000000
0.292301,0.956326,1.000000
0.138282,0.990393,-1.000000
0.268445,0.963295,-1.000000
0.215130,0.976585,-1.000000
-0.895347,0.445370,-1.000000
-0.466361,0.884594,1.000000
-0.395022,0.918672,-1.000000
-0.120898,0.992665,-1.000000
-0.998211,-0.059786,-1.000000
-0.986898,-0.161344,-1.000000
-0.986615,-0.163067,-1.000000
-0.967993,-0.250979,1.000000
0.352387,0.935854,1.000000
-0.906911,-0.421321,1.000000
0.658909,0.752223,1.000000
-0.606258,-0.795268,1.000000
-0.592451,-0.805607,-1.000000
-0.573667,-0.819089,1.000000
0.869692,0.493594,1.000000
0.882116,0.471033,-1.000000
-0.388623,-0.921397,1.000000
-0.255163,-0.966898,1.000000
-0.244039,-0.969765,1.000000
-0.228869,-0.973457,1.000000
0.973434,0.228970,1.000000
-0.100612,-0.994926,1.000000
0.056746,-0.998389,1.000000
0.994707,-0.102757,-1.000000
0.988120,-0.153687,1.000000
0.972678,-0.232159,1.000000
0.371733,-0.928340,1.000000
0.947618,-0.319407,1.000000
0.385200,-0.922833,1.000000
0.493454,-0.869772,-1.000000
0.776112,-0.630595,1.000000
0.731363,-0.681989,1.000000
-0.398686,-0.917088,-1.000000
-0.564016,-0.825764,-1.000000
-0.569876,-0.821731,-1.000000
-0.821121,-0.570754,1.000000
0.131912,-0.991261,1.000000
0.196281,-0.980548,-1.000000
0.233175,-0.972435,1.000000
0.240020,-0.970768,1.000000
-0.946657,-0.322243,-1.000000
0.368183,-0.929753,1.000000
0.580696,-0.814120,1.000000
-0.999129,0.041721,-1.000000
0.680502,-0.732746,1.000000
-0.978267,0.207349,-1.000000
0.782880,-0.622173,1.000000
0.853003,-0.521905,1.000000
-0.875732,0.482797,1.000000
-0.774834,0.632165,1.000000
-0.679513,0.733664,1.000000
0.999297,-0.037496,1.000000
-0.339270,0.940689,1.000000
-0.326915,0.945054,1.000000
0.936428,0.350860,-1.000000
0.908763,0.417312,1.000000
-0.119071,0.992886,1.000000
0.854061,0.520173,-1.000000
-0.019755,0.999805,-1.000000
0.052960,0.998597,1.000000
0.252123,0.967695,1.000000
0.545138,0.838346,1.000000
0.528580,0.848883,-1.000000
0.459919,0.887961,1.000000
0.995750,0.092099,-1.000000
0.996148,-0.087685,-1.000000
0.952256,0.305301,1.000000
0.967884,-0.251398,-1.000000
0.916906,0.399103,1.000000
0.946420,-0.322937,1.000000
0.862323,0.506358,-1.000000
0.899585,-0.436746,1.000000
0.677101,0.735890,1.000000
0.641860,0.766822,-1.000000
0.649267,-0.760561,1.000000
0.522655,0.852544,1.000000
0.452820,0.891602,-1.000000
0.515161,-0.857093,1.000000
0.302473,0.953158,1.000000
0.187124,0.982336,1.000000
0.149363,0.988782,1.000000
-0.205134,-0.978734,1.000000
-0.500916,-0.865496,1.000000
-0.565520,-0.824734,1.000000
-0.631502,-0.775374,1.000000
-0.699738,0.714400,1.000000
-0.712093,0.702085,1.000000
-0.648589,-0.761139,1.000000
-0.657005,-0.753886,-1.000000
-0.675001,-0.737816,1.000000
-0.804867,0.593455,1.000000
-0.779486,-0.626420,-1.000000
-0.984224,0.176928,1.000000
-0.974310,-0.225213,-1.000000
-0.998981,-0.045128,1.000000
-0.998975,-0.045275,1.000000
-0.549996,-0.835167,1.000000
0.186588,-0.982438,1.000000
0.396740,-0.917931,-1.000000
-0.910706,-0.413055,1.000000
0.617265,-0.786756,1.000000
0.659113,-0.752044,-1.000000
0.683860,-0.729613,1.000000
0.722789,-0.691069,-1.000000
0.865227,-0.501380,1.000000
0.988566,-0.150787,-1.000000
-0.917079,0.398706,1.000000
0.999119,-0.041962,-1.000000
-0.876669,0.481093,1.000000
-0.828890,0.559411,1.000000
-0.826371,0.563126,-1.000000
-0.821684,0.569944,-1.000000
-0.814598,0.580026,-1.000000
0.971722,0.236126,-1.000000
0.955972,0.293459,-1.000000
-0.655013,0.755617,-1.000000
-0.565252,0.824918,-1.000000
0.786295,0.617851,1.000000
-0.323204,0.946329,-1.000000
-0.283066,0.959100,1.000000
-0.184132,0.982902,-1.000000
0.600180,0.799865,-1.000000
-0.073329,0.997308,1.000000
0.022478,0.999747,-1.000000
0.435333,0.900270,-1.000000
0.156153,0.987733,-1.000000
0.285928,0.958251,-1.000000
0.267108,0.963666,1.000000
-0.562808,-0.826588,-1.000000
-0.833830,-0.552021,-1.000000
-0.217722,-0.976011,1.000000
-0.969767,-0.244033,-1.000000
-0.992752,-0.120185,1.000000
-0.999100,-0.042414,1.000000
0.290695,-0.956816,-1.000000
-0.988456,0.151505,1.000000
-0.972551,0.232691,1.000000
0.746517,-0.665366,1.000000
0.788975,-0.614426,1.000000
0.801312,-0.598247,1.000000
-0.729844,0.683614,-1.000000
-0.679653,0.733533,1.000000
0.910801,-0.412845,1.000000
-0.391462,0.920194,-1.000000
-0.376404,0.926456,1.000000
-0.368990,0.929433,1.000000
0.997927,0.064357,1.000000
-0.154490,0.987994,-1.000000
0.996228,0.086771,1.000000
0.989693,0.143207,1.000000
0.094788,0.995497,1.000000
0.192004,0.981394,-1.000000
0.378700,0.925519,-1.000000
0.402396,0.915466,1.000000
0.804532,0.593910,1.000000
0.778430,0.627732,1.000000
0.517753,0.855530,1.000000
0.528055,0.849210,1.000000
0.630022,0.776577,1.000000
0.625253,0.780422,1.000000
0.729214,-0.684286,1.000000
0.818538,-0.574452,1.000000
0.695863,-0.718174,1.000000
0.502819,-0.864392,-1.000000
0.487817,-0.872946,1.000000
0.372372,-0.928084,1.000000
0.325787,-0.945443,1.000000
0.993986,-0.109510,1.000000
0.997774,-0.066692,1.000000
0.999713,-0.023967,1.000000
0.997461,0.071209,-1.000000
0.039323,-0.999227,-1.000000
0.974177,0.225785,-1.000000
0.962701,0.270568,-1.000000
0.935364,0.353687,1.000000
0.868888,0.495010,-1.000000
0.681537,0.731783,-1.000000
0.664049,0.747689,-1.000000
0.648532,0.761187,1.000000
0.605916,0.795528,1.000000
-0.706493,-0.707720,-1.000000
-0.796935,-0.604064,-1.000000
0.381055,0.924552,-1.000000
-0.887270,-0.461251,-1.000000
0.187991,0.982171,-1.000000
-0.153050,0.988218,-1.000000
-0.191480,0.981496,-1.000000
-0.211410,0.977398,-1.000000
-0.245501,0.969396,-1.000000
-0.309854,0.950784,1.000000
-0.659344,0.751842,1.000000
-0.766887,0.641782,1.000000
0.995980,0.089571,1.000000
0.995813,0.091413,-1.000000
0.999008,-0.044539,1.000000
0.937688,0.347479,-1.000000
0.969639,-0.244542,-1.000000
0.926779,0.375607,1.000000
0.949747,-0.313018,1.000000
0.912681,-0.408673,1.000000
0.834721,0.550673,-1.000000
0.879991,-0.474991,-1.000000
0.874875,-0.484349,1.000000
0.815017,-0.579437,1.000000
0.691607,-0.722274,-1.000000
0.439181,0.898399,-1.000000
0.316785,-0.948497,-1.000000
0.196816,-0.980440,1.000000
0.020523,0.999789,-1.000000
0.057727,-0.998332,-1.000000
-0.150768,0.988569,-1.000000
-0.082734,-0.996572,1.000000
-0.098986,-0.995089,-1.000000
-0.163557,-0.986534,1.000000
-0.378073,0.925776,-1.000000
-0.427301,-0.904109,1.000000
-0.694216,-0.719767,-1.000000
-0.846040,-0.533120,1.000000
-0.947499,0.319759,1.000000
-0.911651,-0.410965,1.000000
-0.961754,0.273914,1.000000
-0.986973,0.160885,1.000000
-0.994131,0.108182,1.000000
-0.997930,-0.064315,1.000000
0.970023,0.243014,1.000000
0.928079,0.372385,-1.000000
0.916275,0.400549,-1.000000
0.985924,0.167195,1.000000
0.990861,0.134887,-1.000000
0.993245,0.116033,-1.000000
0.873186,0.487387,1.000000
0.639212,0.769031,-1.000000
0.953571,-0.301169,1.000000
0.951429,-0.307868,1.000000
0.594924,0.803782,-1.000000
0.154008,0.988070,-1.000000
0.658867,-0.752259,1.000000
0.637520,-0.770434,1.000000
-0.007240,0.999974,-1.000000
-0.030590,0.999532,1.000000
0.527727,-0.849414,-1.000000
0.512688,-0.858575,1.000000
0.505057,-0.863086,1.000000
0.118948,-0.992900,-1.000000
-0.511361,0.859366,-1.000000
0.007891,-0.999969,-1.000000
-0.558589,0.829445,-1.000000
-0.122129,-0.992514,-1.000000
-0.225541,-0.974234,1.000000
-0.456094,-0.889932,-1.000000
-0.508419,-0.861110,1.000000
-0.963797,0.266637,1.000000
-0.996886,-0.078857,1.000000
-0.961308,-0.275477,1.000000
-0.960514,-0.278231,1.000000
-0.956030,-0.293268,1.000000
-0.957699,0.287771,-1.000000
-0.853509,0.521079,-1.000000
-0.985489,-0.169737,-1.000000
-0.981428,-0.191833,-1.000000
-0.978492,-0.206286,1.000000
-0.738960,0.673749,-1.000000
-0.903285,-0.429041,-1.000000
-0.632328,0.774701,1.000000
-0.630926,0.775843,-1.000000
-0.629140,0.777292,-1.000000
-0.319017,0.947749,-1.000000
-0.220595,0.975365,-1.000000
-0.531496,-0.847061,-1.000000
-0.469861,-0.882740,-1.000000
-0.298585,-0.954383,1.000000
0.224071,0.974573,1.000000
-0.188640,-0.982046,-1.000000
0.412335,0.911032,1.000000
0.135822,-0.990733,-1.000000
0.585269,0.810839,-1.000000
0.203082,-0.979162,-1.000000
0.256093,-0.966652,-1.000000
0.350089,-0.936717,-1.000000
0.564308,-0.825564,1.000000
0.937477,0.348048,1.000000
0.780305,-0.625399,1.000000
0.796388,-0.604786,-1.000000
0.979352,0.202163,-1.000000
0.864139,-0.503254,-1.000000
0.999790,0.020491,-1.000000
0.996532,-0.083207,-1.000000
0.977673,-0.210130,-1.000000
-0.896955,-0.442123,-1.000000
-0.627312,-0.778768,1.000000
-0.994048,0.108947,1.000000
-0.238658,-0.971104,-1.000000
-0.950453,0.310869,-1.000000
-0.937318,0.348474,-1.000000
-0.112374,-0.993666,1.000000
0.138247,-0.990398,1.000000
-0.771017,0.636815,1.000000
-0.770401,0.637559,1.000000
-0.702218,0.711962,1.000000
0.305789,-0.952099,-1.000000
-0.669587,0.742734,-1.000000
-0.509051,0.860736,1.000000
0.523008,-0.852328,-1.000000
-0.277011,0.960867,-1.000000
-0.210871,0.977514,1.000000
-0.152902,0.988241,1.000000
0.888625,-0.458634,1.000000
0.890986,-0.454031,1.000000
0.092144,0.995746,1.000000
0.178516,0.983937,1.000000
0.234223,0.972183,1.000000
0.974254,-0.225452,1.000000
0.491840,0.870686,-1.000000
0.999852,0.017176,1.000000
0.555527,0.831498,1.000000
0.609453,0.792822,1.000000
0.973189,0.230007,1.000000
0.892291,0.451461,1.000000
0.886510,0.462710,-1.000000
0.862716,0.505688,1.000000
0.996685,-0.081359,-1.000000
0.972877,0.231323,-1.000000
0.969092,0.246699,1.000000
0.845828,-0.533456,1.000000
0.749087,-0.662471,-1.000000
0.768162,0.640256,1.000000
0.729584,0.683891,1.000000
0.425014,-0.905187,1.000000
0.313541,-0.949575,-1.000000
0.373081,0.927799,1.000000
0.080090,-0.996788,-1.000000
0.366527,0.930407,-1.000000
-0.022062,-0.999757,-1.000000
0.142372,0.989813,-1.000000
-0.225978,-0.974132,1.000000
-0.294551,-0.955636,1.000000
-0.301937,-0.953328,-1.000000
-0.405410,-0.914135,1.000000
-0.414396,-0.910097,1.000000
-0.604593,-0.796535,1.000000
-0.473836,0.880613,-1.000000
-0.554369,0.832271,1.000000
-0.964477,-0.264166,1.000000
-0.996909,-0.078567,1.000000
-0.945664,0.325145,-1.000000
-0.951852,0.306559,-1.000000
-0.999954,-0.009579,1.000000
-0.970702,0.240287,1.000000
-0.972800,0.231647,1.000000
-0.973688,0.227885,1.000000
-0.983710,0.179765,-1.000000
-0.989018,0.147797,1.000000
-0.927465,0.373910,-1.000000
-0.961335,-0.275382,1.000000
-0.914131,0.405419,-1.000000
-0.892589,-0.450871,1.000000
-0.661905,0.749587,1.000000
-0.638384,-0.769718,-1.000000
-0.529895,0.848063,1.000000
-0.545785,-0.837925,-1.000000
-0.348037,0.937481,1.000000
-0.329672,0.944096,-1.000000
-0.390916,-0.920427,-1.000000
-0.186522,0.982451,-1.000000
-0.173386,0.984854,1.000000
0.017147,0.999853,1.000000
0.079320,0.996849,1.000000
0.126822,0.991925,1.000000
0.078511,-0.996913,-1.000000
0.416801,0.908998,-1.000000
0.482191,-0.876066,-1.000000
0.496989,-0.867757,-1.000000
0.624728,0.780842,-1.000000
0.753428,-0.657531,-1.000000
0.838293,0.545220,-1.000000
0.866326,0.499479,-1.000000
0.871734,0.489979,-1.000000
0.808898,-0.587949,-1.000000
0.888093,-0.459664,1.000000
0.917884,-0.396848,-1.000000
0.980669,-0.195676,-1.000000
0.999845,-0.017629,-1.000000
0.996006,-0.089284,-1.000000
0.998209,-0.059823,-1.000000
0.910371,0.413792,1.000000
0.935300,0.353857,1.000000
0.994874,0.101124,-1.000000
0.996889,0.078818,1.000000
0.625548,0.780185,1.000000
0.998141,-0.060946,1.000000
0.995031,-0.099563,-1.000000
0.992691,-0.120680,1.000000
0.508794,0.860888,1.000000
0.938674,-0.344807,-1.000000
0.259330,0.965789,1.000000
0.896736,-0.442565,1.000000
0.237441,0.971402,1.000000
0.781574,-0.623813,1.000000
0.719627,-0.694361,1.000000
-0.263099,0.964769,1.000000
0.549584,-0.835439,-1.000000
0.518206,-0.855256,-1.000000
-0.331446,0.943474,-1.000000
-0.354402,0.935093,1.000000
-0.362070,0.932151,-1.000000
0.347268,-0.937766,-1.000000
0.253543,-0.967324,1.000000
-0.647084,0.762418,-1.000000
-0.747010,0.664813,1.000000
-0.819046,0.573727,-1.000000
-0.923640,0.383262,-1.000000
-0.963152,0.268959,-1.000000
-0.998458,-0.055507,-1.000000
-0.988408,-0.151820,-1.000000
-0.837713,-0.546110,-1.000000
-0.907297,-0.420490,1.000000
-0.611494,0.791249,-1.000000
-0.792312,0.610116,-1.000000
-0.342051,0.939681,-1.000000
-0.861167,0.508321,-1.000000
-0.862961,0.505270,1.000000
-0.870251,0.492609,-1.000000
-0.163421,0.986556,-1.000000
-0.956798,0.290753,-1.000000
-0.982208,0.187794,1.000000
-0.985986,0.166830,1.000000
-0.995526,0.094493,-1.000000
0.356542,0.934279,-1.000000
0.464897,0.885365,-1.000000
-0.948434,-0.316974,-1.000000
0.742657,0.669672,1.000000
-0.751256,-0.660011,1.000000
0.873890,0.486124,1.000000
0.915095,0.403239,-1.000000
0.949826,0.312779,1.000000
0.957499,0.288438,1.000000
-0.423871,-0.905722,1.000000
-0.326922,-0.945051,-1.000000
-0.288504,-0.957479,1.000000
-0.209142,-0.977885,-1.000000
-0.157673,-0.987491,1.000000
-0.068145,-0.997675,1.000000
0.984257,-0.176744,1.000000
0.153703,-0.988117,-1.000000
0.830682,-0.556748,-1.000000
0.825257,-0.564757,1.000000
0.413242,-0.910621,-1.000000
0.617264,-0.786756,-1.000000
-0.965227,-0.261412,1.000000
-0.739192,-0.673495,-1.000000
-0.686357,-0.727265,1.000000
-0.986047,0.166470,1.000000
-0.567290,-0.823518,1.000000
-0.341507,-0.939879,1.000000
-0.824171,0.566341,-1.000000
-0.232006,-0.972714,-1.000000
-0.699979,0.714164,1.000000
-0.028974,-0.999580,1.000000
-0.483354,0.875425,1.000000
-0.390329,0.920675,1.000000
0.267917,-0.963442,-1.000000
0.274096,-0.961702,1.000000
-0.273691,0.961818,1.000000
-0.251432,0.967875,1.000000
0.541177,-0.840909,1.000000
0.571917,-0.820312,1.000000
-0.040034,0.999198,-1.000000
-0.025978,0.999663,1.000000
0.082227,0.996614,1.000000
0.114591,0.993413,1.000000
0.729790,-0.683671,1.000000
0.812404,-0.583095,-1.000000
0.303111,0.952955,1.000000
0.846911,-0.531734,1.000000
0.395602,0.918422,1.000000
0.960355,-0.278778,1.000000
0.974621,-0.223863,-1.000000
0.961463,0.274935,1.000000
0.943602,0.331083,-1.000000
0.947760,0.318983,1.000000
0.211196,0.977444,-1.000000
0.312015,0.950077,1.000000
0.358626,0.933481,1.000000
-0.591518,0.806292,-1.000000
0.575186,0.818022,1.000000
0.685839,0.727754,1.000000
0.727762,0.685830,1.000000
-0.829494,0.558515,1.000000
0.814661,0.579938,-1.000000
0.823808,0.566869,1.000000
0.859097,0.511813,-1.000000
0.880523,0.474003,-1.000000
-0.960248,0.279148,-1.000000
-0.993716,0.111931,-1.000000
-0.998152,0.060775,-1.000000
-0.977851,-0.209304,-1.000000
0.973768,-0.227544,1.000000
-0.932085,-0.362240,-1.000000
-0.903466,-0.428660,-1.000000
-0.861594,-0.507598,-1.000000
0.720702,-0.693245,-1.000000
-0.633302,-0.773905,-1.000000
0.638238,-0.769839,1.000000
0.610596,-0.791943,1.000000
0.456260,-0.889846,-1.000000
0.392272,-0.919849,-1.000000
-0.213846,-0.976867,-1.000000
-0.130867,-0.991400,-1.000000
-0.030060,-0.999548,-1.000000
-0.014455,-0.999896,-1.000000
0.001475,-0.999999,-1.000000
0.022259,-0.999752,1.000000
-0.804147,0.594431,1.000000
-0.738709,0.674024,1.000000
-0.969832,0.243774,-1.000000
-0.984597,0.174838,-1.000000
-0.996368,0.085147,-1.000000
-0.999999,0.001173,1.000000
-0.112285,0.993676,-1.000000
-0.078932,0.996880,-1.000000
-0.972440,-0.233154,-1.000000
0.029142,0.999575,-1.000000
-0.923208,-0.384300,1.000000
-0.913478,-0.406889,1.000000
0.244385,0.969678,1.000000
0.434865,0.900496,1.000000
-0.719913,-0.694064,1.000000
-0.567840,-0.823139,-1.000000
-0.361778,-0.932264,-1.000000
0.841511,0.540240,-1.000000
0.853501,0.521090,1.000000
-0.309986,-0.950741,-1.000000
0.908414,0.418071,-1.000000
0.975618,0.219474,-1.000000
0.999699,-0.024540,-1.000000
0.993358,-0.115061,-1.000000
0.384398,-0.923168,-1.000000
0.420406,-0.907336,1.000000
0.889116,-0.457681,-1.000000
0.876857,-0.480751,-1.000000
0.687302,-0.726372,1.000000
0.858162,-0.513378,1.000000
0.742531,-0.669811,-1.000000
0.780896,-0.624662,-1.000000
-0.976277,0.216524,1.000000
-0.960635,0.277813,-1.000000
-0.993462,0.114161,-1.000000
-0.903463,0.428666,-1.000000
-0.900306,0.435257,-1.000000
-0.896596,0.442850,1.000000
-0.999997,-0.002263,-1.000000
-0.870402,0.492341,1.000000
-0.821819,0.569749,-1.000000
-0.988728,-0.149723,1.000000
-0.795958,0.605352,-1.000000
-0.982915,-0.184062,1.000000
-0.589254,0.807948,1.000000
-0.448502,0.893782,-1.000000
-0.371133,0.928580,1.000000
-0.130280,0.991477,-1.000000
-0.541899,-0.840444,1.000000
-0.484191,-0.874962,1.000000
-0.469437,-0.882966,1.000000
0.400418,0.916332,1.000000
0.275484,-0.961306,-1.000000
0.486300,-0.873792,-1.000000
0.972473,0.233017,-1.000000
0.829463,-0.558562,-1.000000
0.841413,-0.540393,-1.000000
0.998991,0.044914,-1.000000
0.999994,0.003360,-1.000000
0.889976,-0.456007,-1.000000
0.997054,-0.076699,-1.000000
0.994450,-0.105215,-1.000000
0.993151,-0.116841,-1.000000
0.971606,-0.236604,-1.000000
-0.865027,0.501725,1.000000
-0.847741,0.530410,1.000000
-0.844148,0.536110,1.000000
-0.819285,0.573386,1.000000
-0.493510,0.869740,-1.000000
-0.933314,-0.359062,1.000000
-0.903866,-0.427817,-1.000000
-0.324225,0.945980,-1.000000
-0.228287,0.973594,-1.000000
-0.697473,-0.716611,1.000000
-0.584873,-0.811125,1.000000
0.124398,0.992232,1.000000
-0.387999,-0.921660,1.000000
0.310940,0.950430,1.000000
0.379360,0.925249,1.000000
0.414546,0.910028,1.000000
0.508035,0.861336,1.000000
-0.159501,-0.987198,-1.000000
-0.009652,-0.999953,1.000000
0.633140,0.774037,1.000000
0.031396,-0.999507,1.000000
0.780587,0.625047,-1.000000
0.258904,-0.965903,1.000000
0.907081,0.420956,-1.000000
0.535456,-0.844563,1.000000
0.556891,-0.830586,1.000000
0.981496,0.191483,1.000000
0.996223,0.086832,1.000000
0.721276,-0.692648,1.000000
0.990559,-0.137086,1.000000
0.989911,-0.141688,1.000000
0.940511,-0.339762,1.000000
0.990134,-0.140122,-1.000000
0.870538,-0.492101,-1.000000
0.977546,0.210723,-1.000000
0.948332,0.317279,1.000000
0.683099,-0.730326,1.000000
0.864236,0.503086,-1.000000
0.856585,0.516005,1.000000
0.447523,-0.894272,-1.000000
0.651990,0.758227,-1.000000
0.610798,0.791786,-1.000000
0.043199,-0.999066,1.000000
0.010696,-0.999943,1.000000
-0.057462,-0.998348,-1.000000
0.303824,0.952728,-1.000000
-0.241886,-0.970305,-1.000000
-0.261843,-0.965110,1.000000
-0.273496,-0.961873,1.000000
-0.299421,-0.954121,-1.000000
-0.485269,-0.874365,-1.000000
-0.605584,-0.795782,-1.000000
-0.676349,-0.736582,1.000000
-0.709535,-0.704670,-1.000000
-0.379578,0.925160,-1.000000
-0.893182,-0.449695,-1.000000
-0.917214,-0.398396,-1.000000
-0.670388,0.742011,1.000000
-0.807342,0.590084,-1.000000
-0.846278,0.532741,-1.000000
-0.891012,0.453981,-1.000000
-0.932192,0.361965,-1.000000
-0.974541,0.224210,-1.000000
-0.971276,0.237956,-1.000000
0.838699,0.544596,1.000000
0.667124,0.744947,-1.000000
0.653308,0.757092,-1.000000
0.987298,0.158877,-1.000000
0.432079,0.901836,-1.000000
0.055434,0.998462,-1.000000
0.952437,-0.304735,1.000000
0.948920,-0.315515,1.000000
0.931649,-0.363360,1.000000
0.911796,-0.410643,1.000000
0.884033,-0.467424,-1.000000
-0.191468,0.981499,-1.000000
0.807972,-0.589220,-1.000000
0.758094,-0.652145,-1.000000
0.752815,-0.658232,1.000000
0.735526,-0.677497,1.000000
0.730289,-0.683139,-1.000000
-0.433567,0.901122,-1.000000
-0.612003,0.790856,1.000000
-0.676363,0.736568,1.000000
-0.723948,0.689855,-1.000000
-0.818364,0.574701,1.000000
-0.872849,0.487991,1.000000
-0.976646,0.214854,1.000000
-0.286538,-0.958069,1.000000
-0.999974,-0.007208,1.000000
-0.999733,-0.023092,1.000000
-0.996755,-0.080498,1.000000
-0.601893,-0.798576,-1.000000
-0.942146,-0.335203,1.000000
-0.812757,-0.582603,1.000000
-0.813477,-0.581597,1.000000
-0.851529,0.524307,-1.000000
-0.836960,0.547265,-1.000000
-0.963967,0.266020,1.000000
-0.996448,0.084213,1.000000
-0.999029,0.044056,1.000000
-0.999999,0.001281,-1.000000
-0.986256,-0.165227,-1.000000
-0.925263,-0.379325,1.000000
-0.909935,-0.414750,1.000000
-0.043374,0.999059,-1.000000
-0.816527,-0.577307,1.000000
0.157584,0.987506,-1.000000
-0.644823,-0.764332,-1.000000
0.334278,0.942475,1.000000
-0.575381,-0.817886,-1.000000
0.439337,0.898322,1.000000
-0.491140,-0.871081,-1.000000
0.569180,0.822213,-1.000000
0.691093,0.722766,-1.000000
0.728186,0.685380,-1.000000
0.826607,0.562780,-1.000000
0.026387,-0.999652,-1.000000
0.885895,0.463886,1.000000
0.978998,0.203869,-1.000000
0.984454,0.175640,-1.000000
0.455224,-0.890377,1.000000
0.517438,-0.855721,-1.000000
0.964622,-0.263638,-1.000000
0.760743,-0.649054,-1.000000
0.920567,-0.390584,-1.000000
0.876254,-0.481850,-1.000000
0.868542,-0.495615,1.000000
-0.904282,-0.426937,1.000000
-0.984676,-0.174393,1.000000
-0.999938,0.011111,1.000000
-0.513516,-0.858080,1.000000
-0.912567,0.408926,1.000000
-0.898545,0.438881,-1.000000
-0.249130,-0.968470,1.000000
-0.850466,0.526030,-1.000000
-0.849750,0.527186,1.000000
-0.831829,0.555031,-1.000000
-0.522985,0.852342,1.000000
0.425816,-0.904810,-1.000000
-0.297447,0.954738,-1.000000
0.616294,-0.787516,-1.000000
0.668101,-0.744071,-1.000000
0.673174,-0.739484,-1.000000
0.673712,-0.738994,-1.000000
0.704963,-0.709244,-1.000000
-0.010890,0.999941,1.000000
0.842916,-0.538045,-1.000000
0.844251,-0.535949,1.000000
0.176496,0.984301,1.000000
0.180132,0.983642,-1.000000
0.214800,0.976658,-1.000000
0.994404,0.105642,-1.000000
0.984540,0.175157,-1.000000
0.981876,0.189526,-1.000000
0.960296,0.278983,-1.000000
0.947863,0.318677,-1.000000
0.900141,0.435599,1.000000
0.920017,0.391879,-1.000000
0.912782,0.408447,1.000000
0.227149,0.973860,1.000000
0.232042,0.972706,1.000000
0.077728,0.996975,1.000000
0.334169,0.942513,-1.000000
0.423949,0.905686,1.000000
-0.219302,0.975657,1.000000
0.577076,0.816690,-1.000000
0.589866,0.807501,1.000000
0.602038,0.798467,-1.000000
0.667102,0.744966,1.000000
-0.471111,0.882074,1.000000
0.744750,0.667344,-1.000000
-0.581448,0.813584,1.000000
0.876409,0.481567,1.000000
-0.699552,0.714581,1.000000
0.891292,0.453430,1.000000
0.986663,0.162776,1.000000
0.999998,0.001883,-1.000000
-0.978934,0.204176,-1.000000
0.968104,-0.250551,-1.000000
0.966103,-0.258156,1.000000
-0.993196,-0.116459,1.000000
0.883838,-0.467793,1.000000
-0.951363,-0.308072,1.000000
0.636098,-0.771608,-1.000000
-0.837055,-0.547119,1.000000
0.538918,-0.842358,-1.000000
0.336403,-0.941718,-1.000000
0.205199,-0.978720,1.000000
0.172446,-0.985019,1.000000
-0.280520,-0.959848,1.000000
-0.161573,-0.986861,-1.000000
-0.475170,-0.879894,1.000000
-0.415685,-0.909509,-1.000000
-0.747633,-0.664112,1.000000
-0.803494,-0.595313,-1.000000
-0.210292,-0.977639,1.000000
-0.905878,-0.423539,-1.000000
-0.943294,-0.331958,1.000000
-0.947394,-0.320070,1.000000
-0.968816,-0.247780,1.000000
-0.978163,-0.207839,1.000000
-0.980321,-0.197412,-1.000000
-0.989696,-0.143183,1.000000
-0.995510,-0.094652,-1.000000
-0.998972,-0.045330,-1.000000
-0.999305,-0.037268,-1.000000
-0.999425,-0.033906,1.000000
-0.828650,0.559767,-1.000000
-0.673063,0.739585,-1.000000
-0.509113,0.860700,-1.000000
0.998331,-0.057759,1.000000
-0.343292,0.939229,-1.000000
0.991669,0.128809,-1.000000
-0.172665,0.984981,-1.000000
-0.155550,0.987828,1.000000
-0.065030,0.997883,-1.000000
0.860474,0.509494,-1.000000
0.853503,0.521088,-1.000000
0.291648,0.956526,-1.000000
0.807034,0.590505,-1.000000
0.480731,0.876868,-1.000000
0.683495,0.729955,1.000000
0.591093,0.806604,-1.000000
-0.896311,0.443425,1.000000
-0.865686,0.500587,-1.000000
-0.830928,0.556379,1.000000
-0.811821,0.583906,-1.000000
-0.798395,0.602135,-1.000000
-0.770410,0.637549,-1.000000
-0.708976,0.705233,-1.000000
-0.707253,0.706961,1.000000
-0.694353,0.719635,1.000000
-0.694186,0.719795,1.000000
-0.476049,0.879419,1.000000
-0.983858,-0.178949,1.000000
-0.354440,0.935079,1.000000
-0.337021,0.941497,-1.000000
-0.962934,-0.269737,-1.000000
-0.949719,-0.313105,1.000000
-0.253955,0.967216,1.000000
-0.814208,-0.580574,-1.000000
0.075461,0.997149,1.000000
0.128383,0.991725,1.000000
-0.725909,-0.687791,1.000000
0.341838,0.939759,-1.000000
0.347688,0.937610,1.000000
0.399026,0.916940,-1.000000
-0.345598,-0.938383,-1.000000
-0.106668,-0.994295,-1.000000
-0.034123,-0.999418,1.000000
0.848209,0.529661,-1.000000
0.066155,-0.997809,-1.000000
0.962867,0.269977,-1.000000
0.841845,-0.539719,-1.000000
0.885719,-0.464221,-1.000000
-0.591885,0.806022,-1.000000
-0.653712,0.756744,1.000000
-0.819337,0.573312,1.000000
-0.203928,0.978986,-1.000000
-0.841441,0.540349,-1.000000
-0.939701,0.341996,1.000000
0.083394,0.996517,1.000000
-0.965644,0.259869,1.000000
0.287875,0.957668,-1.000000
-0.991930,-0.126784,1.000000
-0.980816,-0.194937,-1.000000
0.603465,0.797390,-1.000000
-0.922733,-0.385441,-1.000000
-0.901269,-0.433259,1.000000
0.846560,0.532293,-1.000000
-0.801807,-0.597582,-1.000000
0.866645,0.498926,1.000000
0.882297,0.470692,-1.000000
-0.754747,-0.656016,-1.000000
0.908973,0.416854,-1.000000
0.959179,0.282798,-1.000000
0.992919,0.118792,1.000000
-0.298950,-0.954269,-1.000000
-0.217587,-0.976041,1.000000
-0.081113,-0.996705,-1.000000
-0.050097,-0.998744,-1.000000
0.082335,-0.996605,-1.000000
0.139837,-0.990175,1.000000
0.171871,-0.985119,-1.000000
0.717483,-0.696576,-1.000000
0.709473,-0.704732,-1.000000
0.564249,-0.825604,-1.000000
0.993235,0.116124,-1.000000
0.999945,0.010485,-1.000000
0.872442,0.488717,1.000000
0.838804,0.544433,1.000000
0.814052,0.580791,1.000000
0.896627,-0.442786,1.000000
0.334871,0.942264,-1.000000
0.309247,0.950982,-1.000000
0.690160,-0.723656,1.000000
0.685544,-0.728032,1.000000
0.123045,0.992401,1.000000
-0.046373,0.998924,-1.000000
-0.217989,0.975951,-1.000000
-0.219615,0.975587,1.000000
0.234281,-0.972169,1.000000
-0.373944,0.927451,-1.000000
-0.514183,0.857680,-1.000000
-0.559581,0.828775,-1.000000
-0.597721,0.801705,1.000000
-0.173741,-0.984791,1.000000
-0.636951,0.770905,-1.000000
-0.345492,-0.938422,-1.000000
-0.896083,0.443886,1.000000
-0.914424,0.404757,-1.000000
-0.922676,0.385576,1.000000
-0.938500,0.345280,-1.000000
-0.978189,0.207716,-1.000000
-0.997303,0.073395,1.000000
-0.869545,-0.493853,-1.000000
-0.888230,-0.459400,-1.000000
-0.949870,-0.312644,-1.000000
-0.971563,-0.236780,-1.000000
0.975835,-0.218508,1.000000
0.707401,0.706812,1.000000
0.853197,-0.521589,1.000000
0.466220,0.884669,1.000000
0.743497,-0.668740,1.000000
0.704640,-0.709565,-1.000000
0.298010,0.954563,1.000000
0.612231,-0.790679,-1.000000
0.553309,-0.832976,1.000000
0.458817,-0.888531,1.000000
0.082068,0.996627,-1.000000
0.427653,-0.903943,-1.000000
0.419251,-0.907870,1.000000
-0.301377,0.953505,-1.000000
-0.457213,0.889357,1.000000
-0.125995,-0.992031,-1.000000
-0.339478,-0.940614,-1.000000
-0.373279,-0.927719,1.000000
-0.390345,-0.920668,1.000000
-0.402608,-0.915373,1.000000
-0.728976,0.684539,1.000000
-0.456431,-0.889759,1.000000
-0.785925,0.618322,1.000000
-0.515578,-0.856843,1.000000
-0.812663,0.582734,1.000000
-0.907226,0.420644,1.000000
-0.935063,0.354482,1.000000
-0.796713,-0.604358,1.000000
-0.998917,-0.046533,1.000000
-0.988141,-0.153548,1.000000
-0.976113,-0.217264,1.000000
-0.981010,-0.193956,1.000000
0.626023,-0.779805,1.000000
0.515710,-0.856763,1.000000
0.276071,-0.961137,1.000000
0.122330,-0.992490,-1.000000
0.998749,-0.050004,1.000000
0.993479,0.114015,-1.000000
-0.202039,-0.979378,-1.000000
-0.239842,-0.970812,-1.000000
0.927568,0.373655,-1.000000
0.896478,0.443089,-1.000000
0.891826,0.452378,1.000000
0.773964,0.633229,1.000000
0.636944,0.770910,-1.000000
-0.777687,-0.628651,-1.000000
0.516748,0.856137,-1.000000
-0.918544,-0.395318,-1.000000
0.337055,0.941485,1.000000
0.324262,0.945967,-1.000000
0.193226,0.981154,1.000000
0.142203,0.989837,-1.000000
0.004358,0.999991,-1.000000
-0.999393,0.034830,-1.000000
-0.989228,0.146384,-1.000000
-0.218453,0.975848,-1.000000
-0.981844,0.189691,-1.000000
-0.926159,0.377134,-1.000000
-0.488762,0.872417,-1.000000
-0.560040,0.828466,1.000000
-0.561000,0.827816,1.000000
-0.844373,0.535756,-1.000000
-0.610768,0.791810,-1.000000
-0.720376,0.693584,-1.000000
0.930687,0.365817,1.000000
0.919719,0.392577,-1.000000
0.996446,0.084237,1.000000
0.999987,-0.005059,1.000000
0.991726,-0.128369,-1.000000
0.985092,-0.172030,-1.000000
0.965615,-0.259974,-1.000000
0.674462,0.738309,-1.000000
0.860938,-0.508709,1.000000
0.405678,0.914016,-1.000000
0.379488,0.925197,-1.000000
0.786854,-0.617140,1.000000
0.731875,-0.681439,-1.000000
0.227568,0.973762,-1.000000
-0.284082,0.958800,-1.000000
0.128851,-0.991664,1.000000
-0.622749,0.782422,1.000000
-0.635838,0.771823,1.000000
-0.658762,0.752351,-1.000000
-0.230102,-0.973167,-1.000000
-0.697091,0.716983,1.000000
-0.255037,-0.966931,-1.000000
-0.474839,-0.880073,-1.000000
-0.504082,-0.863656,-1.000000
-0.505320,-0.862932,-1.000000
-0.903484,0.428621,1.000000
-0.647414,-0.762139,-1.000000
-0.685144,-0.728408,-1.000000
-0.700892,-0.713267,-1.000000
-0.977613,0.210412,-1.000000
-0.886093,-0.463507,-1.000000
-0.964637,-0.263582,-1.000000
0.945142,-0.326660,1.000000
0.922707,-0.385502,1.000000
0.982874,-0.184276,1.000000
0.983316,0.181906,-1.000000
0.970786,0.239947,1.000000
0.931267,0.364337,1.000000
0.520425,-0.853907,-1.000000
0.410012,-0.912080,-1.000000
0.230573,-0.973055,-1.000000
0.713476,0.700679,1.000000
0.169673,-0.985500,1.000000
0.130018,-0.991512,-1.000000
0.666391,0.745603,1.000000
0.016060,-0.999871,1.000000
-0.137216,-0.990541,-1.000000
-0.222024,-0.975041,-1.000000
0.374053,0.927407,-1.000000
0.327452,0.944868,-1.000000
-0.355669,-0.934612,-1.000000
0.179460,0.983765,1.000000
0.151328,0.988484,-1.000000
0.088398,0.996085,1.000000
-0.108054,0.994145,1.000000
-0.683880,-0.729594,-1.000000
-0.858549,-0.512732,-1.000000
-0.924700,-0.380695,-1.000000
-0.966091,-0.258200,-1.000000
-0.992014,-0.126128,-1.000000
-0.818922,0.573905,-1.000000
-0.857848,0.513904,1.000000
-0.975146,0.221562,1.000000
-0.952327,0.305079,-1.000000
0.101505,-0.994835,-1.000000
-0.067258,-0.997736,-1.000000
-0.253955,-0.967216,-1.000000
0.512985,-0.858398,1.000000
0.748569,-0.663057,1.000000
0.796944,-0.604053,-1.000000
0.806670,-0.591002,1.000000
0.941753,-0.336304,1.000000
-0.932502,-0.361166,-1.000000
-0.986080,-0.166271,-1.000000
0.998454,-0.055591,1.000000
-0.998184,-0.060241,1.000000
-0.997412,0.071903,1.000000
-0.976411,0.215920,1.000000
-0.975235,0.221170,1.000000
-0.973411,0.229067,1.000000
-0.970421,0.241418,1.000000
0.921516,0.388340,1.000000
0.920059,0.391780,1.000000
0.855192,0.518311,-1.000000
-0.616350,0.787472,1.000000
-0.574602,0.818433,-1.000000
-0.508912,0.860819,1.000000
0.414713,0.909952,1.000000
-0.455824,0.890070,1.000000
-0.436158,0.899870,1.000000
0.314817,0.949152,1.000000
-0.400498,0.916298,1.000000
-0.393067,0.919510,-1.000000
-0.289193,0.957271,-1.000000
-0.121052,0.992646,-1.000000
-0.050332,0.998733,1.000000
-0.737491,0.675356,-1.000000
-0.968755,0.248021,1.000000
-0.694954,0.719054,1.000000
-0.675616,0.737254,1.000000
-0.584711,0.811241,-1.000000
-0.999719,0.023719,1.000000
-0.999375,-0.035341,1.000000
-0.412229,0.911080,1.000000
-0.302254,0.953227,-1.000000
-0.960878,-0.276970,-1.000000
-0.955787,-0.294060,1.000000
-0.260912,0.965363,1.000000
-0.938656,-0.344855,-1.000000
-0.925208,-0.379459,1.000000
-0.753407,-0.657554,-1.000000
0.292194,0.956359,1.000000
-0.603937,-0.797032,1.000000
-0.588544,-0.808465,1.000000
0.686116,0.727492,1.000000
0.739448,0.673214,1.000000
0.772333,0.635217,1.000000
0.800458,0.599389,-1.000000
0.844965,0.534822,1.000000
0.870474,0.492214,1.000000
1.000000,0.000333,1.000000
0.685040,-0.728506,1.000000
0.703154,-0.711038,1.000000
0.952522,-0.304471,-1.000000
0.828187,-0.560451,-1.000000
0.841422,-0.540379,1.000000
0.894614,-0.446840,1.000000
0.875958,-0.482387,1.000000
-0.883514,-0.468404,-1.000000
-0.944384,-0.328845,-1.000000
-0.986224,-0.165417,1.000000
-0.482655,-0.875810,-1.000000
-0.395052,-0.918659,-1.000000
-0.379595,-0.925153,1.000000
-0.257592,-0.966254,1.000000
-0.977947,0.208853,-1.000000
-0.937725,0.347380,-1.000000
-0.910525,0.413453,1.000000
-0.903334,0.428937,-1.000000
0.027461,-0.999623,-1.000000
0.441449,-0.897286,-1.000000
0.505852,-0.862621,-1.000000
0.665535,-0.746366,1.000000
-0.323803,0.946124,1.000000
0.720756,-0.693189,1.000000
-0.273597,0.961844,1.000000
-0.204667,0.978832,1.000000
-0.106205,0.994344,1.000000
0.845784,-0.533526,1.000000
-0.048708,0.998813,1.000000
0.179906,0.983684,-1.000000
0.203269,0.979123,1.000000
0.335752,0.941950,1.000000
0.996924,-0.078378,1.000000
0.567428,0.823423,1.000000
0.954177,0.299241,1.000000
0.760942,0.648820,1.000000
0.771420,0.636326,1.000000
0.897765,0.440474,1.000000
0.851008,0.525152,1.000000
-0.951535,-0.307542,1.000000
-0.830439,-0.557109,-1.000000
-0.999141,-0.041432,1.000000
-0.717260,-0.696806,1.000000
-0.699137,-0.714987,-1.000000
-0.664575,-0.747222,-1.000000
-0.655373,-0.755306,1.000000
-0.993561,0.113300,1.000000
-0.991529,0.129889,1.000000
-0.576311,-0.817231,1.000000
-0.966336,0.257284,1.000000
-0.417998,-0.908448,-1.000000
-0.923776,0.382934,-1.000000
-0.921063,0.389413,-1.000000
-0.318391,-0.947960,1.000000
-0.866797,0.498662,-1.000000
-0.829461,0.558565,1.000000
0.017632,-0.999845,-1.000000
0.024194,-0.999707,-1.000000
-0.612485,0.790482,1.000000
-0.599109,0.800667,1.000000
-0.496453,0.868064,-1.000000
0.336523,-0.941675,1.000000
-0.238867,0.971052,-1.000000
0.644743,-0.764400,1.000000
0.730187,-0.683247,-1.000000
0.768789,-0.639503,-1.000000
0.137607,0.990487,1.000000
0.817855,-0.575425,-1.000000
0.895619,-0.444822,1.000000
0.628395,0.777894,-1.000000
0.926257,0.376891,1.000000
-0.545331,0.838221,1.000000
-0.504112,0.863638,1.000000
-0.749842,0.661617,1.000000
-0.236093,0.971731,1.000000
-0.077688,0.996978,-1.000000
-0.032005,0.999488,1.000000
-0.915777,0.401687,-1.000000
-0.923140,0.384465,-1.000000
0.211582,0.977360,-1.000000
-0.999960,-0.008925,1.000000
-0.997420,-0.071786,-1.000000
0.500049,0.865997,-1.000000
0.583669,0.811992,-1.000000
-0.979434,-0.201766,-1.000000
-0.894207,-0.447654,-1.000000
0.774975,0.631991,-1.000000
0.781989,0.623292,1.000000
0.855888,0.517160,-1.000000
-0.759879,-0.650064,1.000000
-0.724279,-0.689507,-1.000000
-0.501600,-0.865100,1.000000
-0.491031,-0.871142,-1.000000
0.996441,0.084294,-1.000000
-0.461763,-0.887003,-1.000000
0.094775,-0.995499,-1.000000
0.142300,-0.989824,-1.000000
0.156591,-0.987664,-1.000000
0.237228,-0.971454,-1.000000
0.588698,-0.808353,-1.000000
0.582439,-0.812875,1.000000
0.563811,-0.825904,-1.000000
0.543382,-0.839486,-1.000000
0.038093,0.999274,1.000000
0.064002,0.997950,1.000000
0.330167,0.943923,-1.000000
-0.360929,0.932593,1.000000
-0.610574,0.791959,1.000000
0.638906,0.769285,1.000000
-0.858625,0.512605,-1.000000
0.842107,0.539311,1.000000
0.880406,0.474221,-1.000000
-0.917491,0.397755,1.000000
-0.934719,0.355389,-1.000000
0.967537,0.252730,-1.000000
0.970269,0.242029,-1.000000
0.976756,0.214354,1.000000
0.986354,0.164637,1.000000
-0.999905,0.013779,1.000000
-0.999348,-0.036113,-1.000000
-0.988326,-0.152352,1.000000
-0.973932,-0.226840,-1.000000
-0.963216,-0.268727,-1.000000
0.941954,-0.335743,-1.000000
0.927603,-0.373567,-1.000000
-0.688645,-0.725099,-1.000000
0.710277,-0.703922,-1.000000
0.525495,-0.850797,-1.000000
0.475985,-0.879453,-1.000000
-0.361785,-0.932261,-1.000000
-0.339005,-0.940784,-1.000000
-0.213847,-0.976867,-1.000000
0.162452,-0.986716,-1.000000
0.115867,-0.993265,-1.000000
0.016099,-0.999870,-1.000000
0.069858,0.997557,1.000000
0.139747,0.990187,-1.000000
-0.252506,0.967595,-1.000000
0.176615,0.984280,-1.000000
-0.301364,0.953509,-1.000000
-0.384030,0.923320,1.000000
0.305950,0.952047,-1.000000
-0.434419,0.900711,1.000000
0.366406,0.930455,-1.000000
0.422660,0.906288,1.000000
-0.509685,0.860361,-1.000000
-0.824663,0.565625,1.000000
-0.866138,0.499806,1.000000
0.878908,0.476990,-1.000000
-0.958049,0.286604,1.000000
-0.958553,0.284913,-1.000000
0.999314,-0.037046,-1.000000
0.996824,-0.079634,-1.000000
-0.981797,-0.189931,1.000000
0.993760,-0.111542,1.000000
-0.975807,-0.218635,1.000000
-0.416656,-0.909064,-1.000000
0.470287,-0.882513,1.000000
0.428296,-0.903639,-1.000000
-0.332525,-0.943094,-1.000000
-0.309034,-0.951051,1.000000
0.305802,-0.952095,-1.000000
0.297476,-0.954729,-1.000000
0.281784,-0.959478,1.000000
0.242487,-0.970155,-1.000000
0.187683,-0.982230,-1.000000
0.048123,-0.998841,-1.000000
-0.822662,-0.568531,-1.000000
-0.770039,-0.637996,-1.000000
-0.988716,-0.149801,1.000000
-0.500014,-0.866017,1.000000
-0.994624,-0.103557,-1.000000
-0.447991,-0.894038,1.000000
-0.999956,0.009413,1.000000
-0.274460,-0.961599,1.000000
-0.991716,0.128451,1.000000
-0.144752,-0.989468,1.000000
-0.903951,0.427636,-1.000000
0.114529,-0.993420,1.000000
-0.799674,0.600435,-1.000000
0.479643,-0.877464,1.000000
-0.478666,0.877997,-1.000000
-0.405728,0.913994,-1.000000
-0.336066,0.941839,1.000000
0.740821,-0.671702,1.000000
0.810839,-0.585269,-1.000000
-0.163246,0.986585,1.000000
-0.053483,0.998569,-1.000000
-0.030244,0.999543,-1.000000
0.026726,0.999643,1.000000
0.956548,-0.291574,1.000000
0.971464,-0.237189,1.000000
0.976790,-0.214198,1.000000
0.982590,-0.185788,-1.000000
0.353376,0.935481,1.000000
0.999989,0.004746,1.000000
0.643889,0.765119,1.000000
0.774283,0.632839,1.000000
0.832356,0.554241,1.000000
0.268020,0.963413,-1.000000
0.287983,0.957636,1.000000
-0.053411,0.998573,1.000000
-0.232434,0.972612,-1.000000
-0.353257,0.935526,-1.000000
0.709013,0.705196,1.000000
0.834997,0.550254,-1.000000
-0.634944,0.772558,-1.000000
0.861501,0.507756,-1.000000
-0.664776,0.747043,1.000000
-0.829434,0.558605,-1.000000
0.975720,0.219020,1.000000
0.999350,0.036060,-1.000000
0.999978,-0.006582,-1.000000
0.997934,-0.064245,1.000000
-0.977816,0.209468,-1.000000
0.990044,-0.140757,1.000000
-0.994380,0.105871,-1.000000
-0.999824,0.018745,-1.000000
0.911707,-0.410840,1.000000
-0.979617,-0.200874,1.000000
0.834124,-0.551576,-1.000000
0.778036,-0.628220,1.000000
-0.871807,-0.489849,1.000000
0.651209,-0.758899,-1.000000
0.307156,-0.951659,-1.000000
-0.602112,-0.798412,-1.000000
-0.471079,-0.882091,1.000000
-0.359699,-0.933069,-1.000000
0.005447,-0.999985,-1.000000
-0.042435,-0.999099,-1.000000
-0.166869,-0.985979,-1.000000
0.349304,-0.937010,-1.000000
0.417191,-0.908819,1.000000
0.025402,-0.999677,1.000000
0.508527,-0.861046,1.000000
-0.029927,-0.999552,-1.000000
0.573779,-0.819010,1.000000
0.591054,-0.806632,-1.000000
-0.147264,-0.989097,-1.000000
-0.182176,-0.983266,1.000000
0.749850,-0.661607,1.000000
-0.390259,-0.920705,1.000000
-0.633244,-0.773953,-1.000000
0.973170,-0.230085,-1.000000
-0.858891,-0.512158,-1.000000
0.979841,0.199780,1.000000
0.966819,0.255464,-1.000000
-0.988379,-0.152012,-1.000000
0.884981,0.465628,-1.000000
-0.999728,0.023318,-1.000000
-0.999129,0.041734,1.000000
0.790386,0.612610,1.000000
-0.957041,0.289951,1.000000
0.656145,0.754635,1.000000
0.491678,0.870777,1.000000
-0.810721,0.585433,-1.000000
-0.706977,0.707236,-1.000000
0.225417,0.974262,-1.000000
-0.652363,0.757907,-1.000000
-0.592659,0.805454,-1.000000
-0.551605,0.834105,-1.000000
-0.376892,0.926257,1.000000
-0.273542,0.961860,-1.000000
-0.397192,0.917736,-1.000000
0.038567,0.999256,1.000000
-0.579821,0.814744,1.000000
0.203431,0.979089,-1.000000
-0.654255,0.756274,-1.000000
0.227806,0.973706,-1.000000
-0.665964,0.745984,-1.000000
0.374862,0.927081,-1.000000
-0.850876,0.525367,1.000000
0.510069,0.860134,1.000000
-0.955346,0.295488,1.000000
-0.992714,0.120496,1.000000
-0.994875,0.101110,-1.000000
-0.996796,0.079989,-1.000000
0.888350,0.459167,-1.000000
0.918539,0.395330,-1.000000
-0.984190,-0.177118,1.000000
-0.833278,-0.552854,1.000000
0.990871,-0.134815,-1.000000
-0.712458,-0.701715,-1.000000
0.949430,-0.313979,-1.000000
0.941162,-0.337955,-1.000000
-0.655026,-0.755607,-1.000000
-0.624787,-0.780795,-1.000000
0.795087,-0.606495,1.000000
0.773162,-0.634209,-1.000000
0.724229,-0.689560,-1.000000
-0.261633,-0.965167,-1.000000
-0.057608,-0.998339,-1.000000
0.345839,-0.938294,-1.000000
0.331377,-0.943498,-1.000000
0.242101,-0.970251,1.000000
0.933323,0.359039,-1.000000
0.999999,0.001505,-1.000000
0.994459,-0.105124,-1.000000
0.717923,0.696123,1.000000
0.454849,0.890569,1.000000
0.232657,0.972559,1.000000
0.758653,-0.651495,-1.000000
0.175011,0.984567,1.000000
0.588532,-0.808474,-1.000000
0.581246,-0.813728,-1.000000
0.495279,-0.868734,1.000000
0.381680,-0.924294,-1.000000
0.361712,-0.932290,1.000000
-0.274651,0.961544,-1.000000
-0.413362,0.910567,1.000000
-0.471561,0.881834,1.000000
-0.491398,0.870935,1.000000
-0.598826,0.800879,-1.000000
-0.021268,-0.999774,-1.000000
-0.095941,-0.995387,1.000000
-0.191312,-0.981529,-1.000000
-0.746563,0.665315,1.000000
-0.771669,0.636024,1.000000
-0.836612,0.547796,-1.000000
-0.876074,0.482177,1.000000
-0.532835,-0.846219,1.000000
-0.578319,-0.815811,1.000000
-0.967634,0.252358,1.000000
-0.972550,0.232694,1.000000
-0.789178,-0.614165,1.000000
-0.876068,-0.482187,-1.000000
-0.950138,-0.311829,1.000000
0.768491,-0.639861,-1.000000
0.883983,-0.467519,-1.000000
0.889381,-0.457167,-1.000000
0.894350,-0.447369,1.000000
0.699825,-0.714314,-1.000000
0.954856,-0.297068,1.000000
0.972359,-0.233491,-1.000000
0.494941,-0.868927,-1.000000
0.986686,-0.162637,1.000000
0.265425,-0.964131,1.000000
0.969711,0.244254,1.000000
0.950575,0.310495,1.000000
0.907942,0.419096,1.000000
-0.184979,-0.982742,1.000000
-0.227169,-0.973855,1.000000
0.759619,0.650368,-1.000000
0.580454,0.814293,1.000000
-0.592206,-0.805786,-1.000000
-0.615003,-0.788525,1.000000
0.497400,0.867521,1.000000
0.338350,0.941020,1.000000
-0.869442,-0.494034,1.000000
-0.260840,0.965382,1.000000
-0.999982,-0.006048,1.000000
-0.999983,-0.005854,-1.000000
-0.999993,-0.003736,1.000000
-0.346888,0.937906,-1.000000
-0.996746,0.080604,1.000000
-0.994109,0.108387,1.000000
-0.555884,0.831260,1.000000
-0.813897,0.581009,1.000000
-0.812902,0.582400,-1.000000
-0.359539,0.933130,-1.000000
-0.322126,0.946697,-1.000000
-0.716360,0.697731,1.000000
-0.841664,0.540001,-1.000000
0.372101,0.928192,1.000000
0.530893,0.847439,1.000000
-0.999138,0.041505,-1.000000
0.753906,0.656983,1.000000
0.755383,0.655283,1.000000
0.874783,0.484514,-1.000000
-0.948346,-0.317238,1.000000
0.889278,0.457368,-1.000000
0.895912,0.444231,1.000000
0.959981,0.280066,1.000000
0.988249,0.152852,1.000000
-0.693674,-0.720289,1.000000
0.999179,-0.040524,1.000000
-0.642285,-0.766466,1.000000
-0.566253,-0.824232,-1.000000
0.976731,-0.214466,1.000000
0.976059,-0.217505,1.000000
0.945586,-0.325371,-1.000000
-0.372408,-0.928069,1.000000
0.906341,-0.422548,1.000000
0.903098,-0.429434,1.000000
-0.025514,-0.999674,-1.000000
0.086004,-0.996295,-1.000000
0.649722,-0.760171,1.000000
0.259992,-0.965611,1.000000
0.371279,-0.928521,-1.000000
0.414279,-0.910150,1.000000
0.395910,-0.918289,-1.000000
0.869507,-0.493921,1.000000
0.739287,-0.673390,1.000000
0.887406,-0.460989,1.000000
0.494172,-0.869364,1.000000
0.360392,-0.932801,1.000000
0.999521,-0.030949,-1.000000
0.999818,0.019054,-1.000000
0.206394,-0.978469,1.000000
0.169946,-0.985453,-1.000000
0.012919,-0.999917,-1.000000
0.008353,-0.999965,1.000000
-0.041096,-0.999155,-1.000000
0.824649,0.565645,-1.000000
-0.297210,-0.954812,-1.000000
0.705468,0.708742,1.000000
-0.539664,-0.841881,-1.000000
-0.689034,-0.724729,1.000000
0.415680,0.909511,1.000000
-0.907426,-0.420212,1.000000
-0.937508,-0.347964,-1.000000
-0.961276,-0.275588,-1.000000
-0.184414,0.982849,-1.000000
-0.238458,0.971153,-1.000000
-0.334665,0.942337,-1.000000
-0.385738,0.922608,1.000000
-0.996163,0.087516,-1.000000
-0.484904,0.874568,-1.000000
-0.945460,0.325739,-1.000000
-0.934070,0.357090,-1.000000
-0.933339,0.358997,1.000000
-0.833737,0.552161,1.000000
-0.812409,0.583088,1.000000
-0.559033,-0.829145,1.000000
-0.514072,-0.857747,-1.000000
-0.499087,-0.866552,1.000000
-0.453399,-0.891308,-1.000000
-0.359322,-0.933214,-1.000000
-0.833329,-0.552778,1.000000
-0.044991,-0.998987,-1.000000
-0.939891,-0.341474,-1.000000
-0.971705,-0.236196,-1.000000
-0.977095,-0.212803,1.000000
0.270892,-0.962610,1.000000
-0.999957,-0.009250,-1.000000
-0.982941,0.183920,-1.000000
-0.951722,0.306961,-1.000000
0.678423,-0.734672,-1.000000
-0.873366,0.487065,-1.000000
0.800099,-0.599868,-1.000000
-0.760739,0.649058,1.000000
-0.717390,0.696671,-1.000000
-0.575673,0.817680,-1.000000
0.979316,-0.202335,-1.000000
0.982371,-0.186941,-1.000000
-0.432368,0.901697,1.000000
0.962875,0.269949,-1.000000
0.914624,0.404306,-1.000000
0.910129,0.414325,1.000000
0.336815,0.941571,-1.000000
0.743310,0.668947,1.000000
0.450180,0.892938,-1.000000
0.676147,0.736767,1.000000
0.586076,0.810256,-1.000000
0.570338,0.821410,-1.000000
-0.600877,0.799342,1.000000
-0.705915,0.708297,-1.000000
-0.384517,0.923118,-1.000000
-0.252189,0.967678,-1.000000
-0.922162,0.386803,1.000000
-0.927570,0.373651,-1.000000
-0.992903,-0.118923,1.000000
-0.990224,-0.139484,1.000000
0.284962,0.958539,-1.000000
0.338870,0.940833,1.000000
-0.960691,-0.277618,1.000000
-0.880081,-0.474823,-1.000000
0.688860,0.724894,-1.000000
-0.817035,-0.576589,-1.000000
0.781274,0.624188,-1.000000
0.845956,0.533253,1.000000
0.875168,0.483819,1.000000
0.947603,0.319450,-1.000000
0.951514,0.307604,-1.000000
-0.243357,-0.969937,-1.000000
0.999983,0.005793,1.000000
0.998821,-0.048545,-1.000000
-0.080109,-0.996786,1.000000
0.990993,-0.133911,-1.000000
0.986175,-0.165707,-1.000000
0.967092,-0.254427,-1.000000
0.925370,-0.379065,-1.000000
0.844725,-0.535201,-1.000000
0.426349,-0.904559,-1.000000
0.814892,-0.579613,-1.000000
0.751601,-0.659618,1.000000
0.652987,-0.757369,-1.000000
-0.310603,-0.950540,1.000000
-0.242521,-0.970146,-1.000000
-0.205163,-0.978728,-1.000000
-0.115469,-0.993311,-1.000000
-0.735245,-0.677801,1.000000
0.078751,-0.996894,1.000000
0.282880,-0.959155,-1.000000
0.364867,-0.931060,1.000000
-0.919793,-0.392404,-1.000000
-0.983080,-0.183178,1.000000
-0.999944,-0.010621,1.000000
0.783115,-0.621877,1.000000
-0.990772,0.135539,1.000000
0.879116,-0.476609,-1.000000
0.953997,-0.299815,-1.000000
0.964082,-0.265605,1.000000
0.986436,-0.164144,-1.000000
0.999937,0.011263,1.000000
-0.701920,0.712256,-1.000000
0.999624,0.027421,1.000000
0.973273,0.229651,-1.000000
0.900937,0.433951,-1.000000
0.893770,0.448525,-1.000000
-0.279864,0.960040,-1.000000
0.805159,0.593058,-1.000000
-0.070920,0.997482,-1.000000
0.019526,0.999809,-1.000000
0.039777,0.999209,-1.000000
0.611635,0.791140,-1.000000
0.220688,0.975344,1.000000
0.286403,0.958109,-1.000000
0.380436,0.924807,1.000000
0.906659,0.421864,-1.000000
0.999877,-0.015708,-1.000000
0.998015,-0.062978,1.000000
0.460539,0.887640,1.000000
0.888228,-0.459403,-1.000000
0.296419,0.955058,1.000000
0.218928,0.975741,1.000000
0.725071,-0.688675,-1.000000
0.724370,-0.689411,1.000000
0.704803,-0.709403,-1.000000
0.141617,0.989921,-1.000000
0.104179,0.994559,1.000000
0.020164,0.999797,1.000000
-0.078872,0.996885,-1.000000
-0.094960,0.995481,-1.000000
0.509205,-0.860646,-1.000000
-0.100529,0.994934,-1.000000
-0.272417,0.962179,1.000000
0.275576,-0.961279,-1.000000
-0.409426,0.912343,-1.000000
-0.192901,-0.981218,-1.000000
-0.349068,-0.937098,1.000000
-0.854485,0.519476,1.000000
-0.519997,-0.854168,-1.000000
-0.964276,0.264900,-1.000000
-0.972041,0.234810,-1.000000
-0.754026,-0.656845,-1.000000
-0.999019,-0.044281,-1.000000
-0.995466,-0.095120,-1.000000
-0.861020,-0.508572,-1.000000
-0.928348,-0.371713,1.000000
-0.950878,-0.309567,-1.000000
-0.758061,0.652184,-1.000000
-0.717914,0.696132,-1.000000
-0.626791,0.779187,-1.000000
-0.998159,0.060648,1.000000
-0.401960,0.915657,1.000000
-0.971652,-0.236415,-1.000000
-0.873378,-0.487044,1.000000
0.147217,0.989104,1.000000
0.190364,0.981714,1.000000
0.209952,0.977712,-1.000000
0.530956,0.847399,1.000000
0.546495,0.837462,-1.000000
-0.584929,-0.811085,1.000000
0.581439,0.813590,-1.000000
-0.487531,-0.873106,1.000000
-0.393961,-0.919127,1.000000
-0.359130,-0.933288,1.000000
0.753860,0.657035,-1.000000
-0.300223,-0.953869,1.000000
-0.235295,-0.971924,-1.000000
-0.120194,-0.992750,1.000000
0.888184,0.459488,1.000000
0.944643,0.328101,1.000000
0.962960,0.269643,1.000000
0.098881,-0.995099,1.000000
0.999972,0.007536,1.000000
0.999906,-0.013686,1.000000
0.497744,-0.867324,1.000000
0.939194,-0.343386,1.000000
0.916582,-0.399848,1.000000
0.849160,-0.528136,1.000000
0.824128,-0.566404,1.000000
-0.382687,0.923878,1.000000
-0.342425,0.939545,1.000000
-0.705412,0.708798,-1.000000
-0.741555,0.670892,1.000000
0.055358,0.998467,1.000000
-0.904847,0.425737,-1.000000
0.416377,0.909192,1.000000
0.727403,0.686210,1.000000
0.736799,0.676112,1.000000
-0.963381,-0.268135,-1.000000
-0.955586,-0.294713,-1.000000
-0.917615,-0.397470,-1.000000
-0.862410,-0.506210,-1.000000
0.913178,0.407561,-1.000000
0.924190,0.381933,-1.000000
-0.751335,-0.659921,1.000000
-0.746565,-0.665312,-1.000000
-0.740315,-0.672260,1.000000
-0.696837,-0.717229,1.000000
0.992966,-0.118404,-1.000000
0.986806,-0.161910,-1.000000
-0.169880,-0.985465,1.000000
0.907018,-0.421092,-1.000000
0.906830,-0.421496,-1.000000
-0.017732,-0.999843,-1.000000
0.839699,-0.543052,-1.000000
0.837458,-0.546502,-1.000000
0.800594,-0.599207,-1.000000
0.243790,-0.969828,-1.000000
0.275871,-0.961195,-1.000000
0.590362,-0.807139,-1.000000
0.480806,-0.876827,-1.000000
0.985779,0.168047,1.000000
0.567225,0.823563,-1.000000
0.999621,0.027529,1.000000
0.999783,-0.020847,-1.000000
0.995198,-0.097884,-1.000000
0.310710,0.950505,1.000000
0.984924,-0.172990,1.000000
-0.048121,0.998841,-1.000000
-0.180512,0.983573,-1.000000
-0.261359,0.965242,1.000000
0.746607,-0.665265,1.000000
0.666165,-0.745805,1.000000
-0.474795,0.880096,-1.000000
-0.657303,0.753627,-1.000000
0.296255,-0.955109,1.000000
-0.740118,0.672477,-1.000000
-0.799595,0.600540,1.000000
-0.869081,0.494669,1.000000
0.028468,-0.999595,1.000000
-0.190026,-0.981779,1.000000
-0.974301,0.225250,1.000000
-0.986727,0.162385,1.000000
-0.398687,-0.917087,1.000000
-0.999973,0.007367,1.000000
-0.435423,-0.900226,1.000000
-0.521372,-0.853330,-1.000000
-0.687289,-0.726384,1.000000
-0.688975,-0.724785,1.000000
-0.948347,-0.317235,-1.000000
-0.709094,-0.705114,1.000000
-0.743419,-0.668826,1.000000
-0.843793,-0.536669,-1.000000
-0.949009,0.315248,-1.000000
-0.722720,0.691141,1.000000
-0.659803,0.751439,-1.000000
-0.996001,-0.089344,-1.000000
-0.994961,-0.100259,1.000000
-0.494870,0.868967,-1.000000
-0.479741,0.877410,1.000000
-0.943877,-0.330296,1.000000
-0.895733,-0.444592,-1.000000
-0.794059,-0.607841,-1.000000
-0.084833,0.996395,-1.000000
-0.683109,-0.730316,1.000000
-0.583034,-0.812448,-1.000000
0.211549,0.977367,1.000000
-0.284686,-0.958621,-1.000000
0.489103,0.872226,-1.000000
-0.041006,-0.999159,-1.000000
0.015425,-0.999881,1.000000
0.752499,0.658594,1.000000
0.072574,-0.997363,-1.000000
0.915447,0.402439,-1.000000
0.451101,-0.892473,-1.000000
0.955102,0.296278,-1.000000
0.515792,-0.856714,-1.000000
0.979263,0.202591,-1.000000
0.983544,0.180667,1.000000
0.984174,0.177203,-1.000000
0.625059,-0.780577,-1.000000
0.993787,-0.111296,-1.000000
0.795357,-0.606142,-1.000000
0.937635,-0.347622,-1.000000
0.921289,-0.388879,-1.000000
0.930307,-0.366782,-1.000000
0.849867,-0.526997,-1.000000
0.828566,-0.559891,-1.000000
0.998389,-0.056744,1.000000
0.999121,0.041910,1.000000
0.996001,0.089337,-1.000000
0.542319,-0.840173,-1.000000
0.972832,0.231513,1.000000
0.263908,-0.964548,-1.000000
0.884758,0.466050,-1.000000
0.880503,0.474041,1.000000
0.843858,0.536566,-1.000000
-0.005226,-0.999986,-1.000000
-0.177203,-0.984174,-1.000000
0.610125,0.792305,1.000000
-0.196219,-0.980560,-1.000000
-0.228984,-0.973430,-1.000000
-0.447673,-0.894198,-1.000000
-0.458902,-0.888487,-1.000000
0.349770,0.936836,-1.000000
0.325432,0.945565,-1.000000
0.239839,0.970813,1.000000
-0.676516,-0.736428,-1.000000
-0.215251,0.976559,-1.000000
-0.876067,-0.482189,-1.000000
-0.908808,-0.417214,1.000000
-0.958386,-0.285475,-1.000000
-0.999932,0.011631,-1.000000
-0.960576,0.278018,-1.000000
-0.891703,0.452620,-1.000000
-0.891882,0.452267,1.000000
-0.911116,0.412150,-1.000000
0.710194,0.704006,1.000000
0.966050,0.258355,1.000000
0.471119,0.882070,1.000000
0.998952,0.045781,-1.000000
0.999964,0.008513,-1.000000
0.999136,-0.041567,1.000000
0.111243,0.993793,1.000000
0.913483,-0.406876,-1.000000
0.906067,-0.423135,1.000000
0.794925,-0.606707,1.000000
-0.425982,0.904732,-1.000000
-0.522005,0.852943,-1.000000
-0.686869,0.726782,-1.000000
-0.765666,0.643238,1.000000
-0.770672,0.637232,1.000000
0.382634,-0.923900,-1.000000
0.360360,-0.932813,1.000000
-0.900414,0.435033,-1.000000
-0.906124,0.423013,-1.000000
-0.926435,0.376454,-1.000000
0.084464,-0.996427,-1.000000
0.071576,-0.997435,-1.000000
-0.965722,0.259577,-1.000000
-0.982443,0.186562,1.000000
-0.321453,-0.946926,1.000000
-0.365319,-0.930882,-1.000000
-0.990224,-0.139487,1.000000
-0.464295,-0.885681,-1.000000
-0.975030,-0.222074,1.000000
-0.949684,-0.313211,-1.000000
-0.869392,-0.494123,-1.000000
-0.803128,-0.595806,-1.000000
0.991962,-0.126535,-1.000000
0.996239,-0.086645,-1.000000
0.996379,-0.085026,-1.000000
0.996546,-0.083040,1.000000
0.864645,-0.502384,1.000000
0.993320,0.115388,-1.000000
0.785661,-0.618657,1.000000
0.778229,-0.627981,1.000000
0.905386,0.424590,-1.000000
0.640642,-0.767840,1.000000
0.617754,-0.786372,-1.000000
0.318704,-0.947854,-1.000000
0.251731,-0.967797,1.000000
0.230071,-0.973174,1.000000
0.607643,0.794210,1.000000
0.125330,-0.992115,-1.000000
-0.184616,-0.982811,-1.000000
0.212958,0.977061,1.000000
0.056873,0.998381,1.000000
0.041785,0.999127,-1.000000
-0.054993,0.998487,-1.000000
-0.544111,-0.839013,-1.000000
-0.572661,-0.819792,-1.000000
-0.220159,0.975464,1.000000
-0.227465,0.973786,-1.000000
-0.519455,0.854498,-1.000000
-0.874233,-0.485506,1.000000
-0.936998,-0.349335,-1.000000
-0.987948,-0.154785,-1.000000
-0.998537,0.054076,-1.000000
-0.962730,0.270464,-1.000000
-0.977417,0.211318,-1.000000
0.914995,-0.403464,1.000000
0.764558,-0.644555,-1.000000
0.964787,-0.263034,-1.000000
0.997938,-0.064183,-1.000000
0.539507,-0.841981,1.000000
0.999398,0.034691,1.000000
0.455317,-0.890329,1.000000
0.422267,-0.906472,-1.000000
0.132489,-0.991185,-1.000000
0.900533,0.434788,1.000000
-0.345459,-0.938434,1.000000
0.500475,0.865751,-1.000000
-0.518138,-0.855297,1.000000
-0.519643,-0.854383,-1.000000
-0.578002,-0.816035,-1.000000
-0.628813,-0.777556,-1.000000
-0.674164,-0.738581,1.000000
-0.712238,-0.701938,1.000000
-0.729876,-0.683580,-1.000000
-0.733484,-0.679707,-1.000000
-0.838756,-0.544507,-1.000000
-0.864669,-0.502343,-1.000000
-0.090240,0.995920,-1.000000
-0.910556,-0.413386,-1.000000
-0.953552,-0.301230,-1.000000
-0.998190,-0.060141,-1.000000
-0.452789,0.891618,1.000000
-0.582398,0.812903,1.000000
-0.609042,0.793138,-1.000000
-0.958711,0.284382,-1.000000
-0.918660,0.395049,-1.000000
-0.866373,0.499398,-1.000000
-0.998685,0.051274,-1.000000
-0.744477,-0.667648,1.000000
-0.887336,0.461124,-1.000000
-0.863526,0.504305,-1.000000
-0.662778,0.748816,-1.000000
-0.523912,0.851772,-1.000000
-0.458260,0.888818,1.000000
0.000719,-1.000000,1.000000
-0.360066,0.932927,-1.000000
0.025355,-0.999678,1.000000
0.044431,-0.999012,-1.000000
-0.212052,0.977258,1.000000
-0.200211,0.979753,1.000000
0.303437,-0.952852,1.000000
0.495622,-0.868539,1.000000
0.573438,-0.819249,1.000000
0.613217,-0.789915,-1.000000
0.741138,-0.671352,1.000000
0.442342,0.896846,1.000000
0.487091,0.873351,1.000000
0.508959,0.860791,1.000000
0.526115,0.850414,1.000000
0.570950,0.820985,1.000000
0.941527,-0.336939,1.000000
0.868873,0.495034,1.000000
1.000000,0.000774,1.000000
0.935752,0.352659,1.000000
0.995792,0.091641,1.000000
0.966880,0.255232,1.000000
0.983167,0.182712,-1.000000
0.981085,0.193576,1.000000
0.980850,0.194766,1.000000
-0.310459,-0.950587,-1.000000
-0.338160,-0.941089,1.000000
-0.516370,-0.856366,1.000000
-0.526552,-0.850143,-1.000000
-0.529564,-0.848270,-1.000000
-0.556585,-0.830791,-1.000000
0.751665,-0.659546,1.000000
-0.731542,-0.681797,1.000000
0.815380,-0.578927,1.000000
0.892413,-0.451219,-1.000000
0.942083,-0.335380,-1.000000
0.998769,0.049603,1.000000
0.997169,0.075194,-1.000000
0.996616,0.082196,1.000000
-0.999989,0.004747,1.000000
-0.992567,0.121703,-1.000000
-0.985737,0.168294,1.000000
0.928681,0.370880,-1.000000
-0.955775,0.294098,1.000000
-0.900142,0.435597,-1.000000
0.784548,0.620067,1.000000
0.653395,0.757017,1.000000
0.650571,0.759446,1.000000
-0.653251,0.757141,1.000000
-0.645623,0.763657,-1.000000
0.484166,0.874976,1.000000
-0.530137,0.847912,1.000000
0.361889,0.932221,1.000000
0.256324,0.966591,-1.000000
0.253621,0.967304,1.000000
0.080128,0.996785,-1.000000
-0.054034,0.998539,1.000000
-0.663908,-0.747815,1.000000
-0.632426,-0.774621,-1.000000
-0.995532,-0.094420,-1.000000
-0.573073,-0.819504,-1.000000
-0.489208,-0.872167,1.000000
-0.988953,0.148228,1.000000
-0.985141,0.171745,1.000000
-0.963925,0.266174,1.000000
-0.277549,-0.960712,-1.000000
-0.170176,-0.985414,-1.000000
-0.128677,-0.991687,-1.000000
0.058938,-0.998262,1.000000
0.168746,-0.985660,1.000000
-0.612443,0.790515,-1.000000
0.483007,-0.875616,1.000000
-0.346524,0.938041,1.000000
0.700845,-0.713313,1.000000
0.788421,-0.615136,-1.000000
-0.024240,0.999706,-1.000000
0.848606,-0.529026,-1.000000
0.045807,0.998950,-1.000000
0.885738,-0.464186,-1.000000
0.891395,-0.453227,-1.000000
0.906055,-0.423159,1.000000
0.162385,0.986727,1.000000
0.932496,-0.361181,1.000000
0.937065,-0.349154,-1.000000
0.990935,-0.134339,1.000000
0.999827,0.018624,1.000000
0.616108,0.787662,-1.000000
0.850303,0.526294,1.000000
0.875880,0.482529,-1.000000
-0.556947,0.830548,1.000000
-0.576117,0.817367,1.000000
-0.227788,0.973711,1.000000
-0.134419,0.990925,1.000000
-0.132103,0.991236,-1.000000
-0.846017,0.533155,-1.000000
-0.908139,0.418669,1.000000
0.429007,0.903301,-1.000000
-0.999972,0.007447,-1.000000
-0.996050,-0.088795,1.000000
0.679544,0.733635,1.000000
-0.976250,-0.216647,-1.000000
0.752451,0.658648,-1.000000
-0.892212,-0.451617,-1.000000
-0.825018,-0.565106,1.000000
-0.801561,-0.597913,1.000000
0.963707,0.266963,1.000000
0.979796,-0.200001,1.000000
0.969572,-0.244805,-1.000000
-0.347535,-0.937667,1.000000
-0.224032,-0.974582,1.000000
0.898067,-0.439859,-1.000000
0.870286,-0.492547,1.000000
0.857222,-0.514947,1.000000
0.849038,-0.528331,1.000000
0.837990,-0.545686,1.000000
0.837925,-0.545786,-1.000000
0.069317,-0.997595,-1.000000
0.255401,-0.966835,1.000000
0.615719,-0.787966,1.000000
0.354487,-0.935061,1.000000
0.456788,-0.889576,1.000000
0.840819,-0.541317,1.000000
0.936826,-0.349795,-1.000000
0.951158,-0.308706,1.000000
0.975078,-0.221863,1.000000
0.696467,-0.717589,-1.000000
0.993915,-0.110148,-1.000000
0.999981,-0.006234,-1.000000
0.996829,0.079579,1.000000
0.838278,0.545243,-1.000000
0.757106,0.653292,-1.000000
-0.151997,-0.988381,1.000000
0.647759,0.761845,-1.000000
-0.328627,-0.944460,1.000000
-0.509406,-0.860527,1.000000
0.386990,0.922084,1.000000
-0.633769,-0.773522,1.000000
-0.656468,-0.754354,-1.000000
-0.838051,-0.545591,-1.000000
-0.851239,-0.524778,-1.000000
-0.150955,0.988541,-1.000000
-0.162413,0.986723,1.000000
-0.284690,0.958620,-1.000000
-0.321617,0.946870,-1.000000
-0.992549,-0.121850,-1.000000
-0.640906,0.767620,-1.000000
-0.687144,0.726521,-1.000000
-0.806123,0.591749,-1.000000
-0.921847,0.387553,-1.000000
-0.897864,0.440274,1.000000
-0.893547,0.448970,1.000000
-0.868807,0.495151,-1.000000
-0.878967,0.476882,-1.000000
-0.870311,-0.492502,1.000000
-0.595963,-0.803012,1.000000
-0.592866,-0.805301,1.000000
-0.912185,-0.409780,1.000000
-0.467997,-0.883730,1.000000
-0.415420,-0.909630,-1.000000
-0.235663,-0.971835,1.000000
-0.197504,-0.980302,1.000000
-0.092324,-0.995729,1.000000
-0.054422,-0.998518,-1.000000
-0.994945,0.100418,-1.000000
-0.002392,-0.999997,1.000000
-0.974505,0.224366,-1.000000
0.242561,-0.970136,1.000000
0.267716,-0.963498,1.000000
0.362359,-0.932038,1.000000
-0.860368,0.509673,1.000000
-0.825172,0.564881,1.000000
0.530516,-0.847675,-1.000000
0.573506,-0.819201,1.000000
-0.533587,0.845745,-1.000000
-0.486199,0.873848,1.000000
-0.276663,0.960967,1.000000
0.998113,-0.061406,-1.000000
0.999815,-0.019239,-1.000000
0.989739,0.142885,-1.000000
0.382592,0.923918,-1.000000
0.948782,0.315930,-1.000000
0.672730,0.739888,1.000000
0.695167,0.718849,1.000000
0.742791,0.669523,-1.000000
0.754591,0.656195,1.000000
-0.927896,-0.372838,-1.000000
-0.936220,-0.351415,1.000000
-0.977617,-0.210392,1.000000
-0.992661,-0.120933,-1.000000
-0.182456,-0.983214,1.000000
-0.159967,-0.987122,-1.000000
-0.992213,0.124554,-1.000000
0.024418,-0.999702,-1.000000
0.054259,-0.998527,-1.000000
-0.947735,0.319058,-1.000000
0.118299,-0.992978,-1.000000
0.118560,-0.992947,1.000000
-0.937333,0.348435,1.000000
0.202381,-0.979307,-1.000000
0.304883,-0.952390,-1.000000
0.323495,-0.946230,1.000000
-0.651439,0.758701,1.000000
-0.637758,0.770237,-1.000000
0.624648,-0.780907,1.000000
0.712054,-0.702125,1.000000
0.751515,-0.659716,1.000000
-0.415465,0.909609,1.000000
0.971898,-0.235404,-1.000000
0.270909,0.962605,1.000000
0.291311,0.956628,-1.000000
0.996383,0.084973,1.000000
0.969501,0.245087,-1.000000
0.932482,0.361217,1.000000
0.644888,0.764277,-1.000000
0.869241,0.494389,1.000000
0.822064,0.569395,1.000000
0.782910,0.622135,1.000000
0.072157,0.997393,-1.000000
0.063915,0.997955,1.000000
-0.001573,0.999999,-1.000000
0.285847,0.958275,-1.000000
0.432322,0.901719,-1.000000
-0.524708,0.851282,-1.000000
-0.625321,0.780368,1.000000
-0.663030,0.748593,1.000000
-0.695584,0.718445,1.000000
0.877733,0.479151,-1.000000
0.944039,0.329835,1.000000
-0.947364,0.320160,-1.000000
-0.969740,0.244138,-1.000000
0.999890,-0.014851,-1.000000
0.994718,-0.102649,-1.000000
0.990143,-0.140061,-1.000000
0.989846,-0.142145,-1.000000
0.977450,-0.211165,1.000000
-0.987353,-0.158535,-1.000000
0.934878,-0.354969,-1.000000
0.884896,-0.465788,-1.000000
0.854374,-0.519659,1.000000
-0.902982,-0.429677,-1.000000
0.803581,-0.595196,1.000000
0.780243,-0.625477,1.000000
0.672114,-0.740448,-1.000000
0.617455,-0.786606,1.000000
0.232062,-0.972701,-1.000000
-0.325545,-0.945526,1.000000
-0.320324,-0.947308,1.000000
-0.283379,-0.959008,1.000000
-0.094289,-0.995545,1.000000
0.997455,-0.071295,1.000000
0.992485,-0.122367,1.000000
0.983938,0.178511,1.000000
0.947692,0.319185,-1.000000
0.797521,-0.603291,1.000000
0.769477,0.638674,1.000000
0.598355,-0.801231,1.000000
0.558402,-0.829570,-1.000000
0.662495,0.749066,-1.000000
0.508364,-0.861142,1.000000
0.434435,-0.900703,1.000000
0.340254,-0.940334,1.000000
0.481236,0.876591,1.000000
0.304084,-0.952645,1.000000
0.033947,-0.999424,1.000000
0.111814,0.993729,1.000000
-0.209647,-0.977777,1.000000
-0.287377,0.957817,1.000000
-0.486940,-0.873436,1.000000
-0.348819,0.937190,1.000000
-0.454216,0.890892,1.000000
-0.477843,0.878446,-1.000000
-0.614618,-0.788825,1.000000
-0.636969,0.770890,-1.000000
-0.764948,-0.644092,1.000000
-0.808012,-0.589167,1.000000
-0.845882,-0.533371,1.000000
-0.761851,0.647752,1.000000
-0.929754,-0.368181,-1.000000
-0.911681,0.410900,1.000000
-0.985613,-0.169016,1.000000
-0.996944,0.078121,1.000000
-0.989632,0.143624,-1.000000
-0.998705,-0.050867,-1.000000
-0.949719,-0.313102,1.000000
-0.945260,-0.326318,-1.000000
-0.830419,-0.557140,-1.000000
-0.549476,0.835509,-1.000000
-0.454296,0.890851,1.000000
-0.729005,-0.684508,-1.000000
-0.717560,-0.696497,-1.000000
-0.694785,-0.719217,-1.000000
-0.396086,0.918214,-1.000000
-0.361757,0.932272,1.000000
-0.336911,0.941536,-1.000000
-0.196820,0.980440,1.000000
-0.515071,-0.857147,1.000000
-0.135315,0.990803,-1.000000
-0.243172,-0.969983,-1.000000
0.112358,0.993668,1.000000
0.150159,0.988662,1.000000
0.168429,0.985714,1.000000
0.189370,0.981906,-1.000000
0.190145,0.981756,1.000000
0.231858,0.972750,1.000000
0.015116,-0.999886,1.000000
0.365928,0.930643,1.000000
0.185128,-0.982715,-1.000000
0.672675,0.739938,-1.000000
0.685903,0.727693,1.000000
0.617456,-0.786605,1.000000
0.715361,-0.698755,-1.000000
0.991806,-0.127750,1.000000
0.984282,-0.176604,1.000000
-0.181781,-0.983339,1.000000
-0.368704,-0.929547,1.000000
-0.369946,-0.929053,-1.000000
0.018622,-0.999827,-1.000000
0.216032,-0.976386,1.000000
-0.747685,-0.664054,1.000000
0.311685,-0.950185,1.000000
-0.829334,-0.558753,-1.000000
-0.831871,-0.554970,1.000000
0.459467,-0.888195,-1.000000
0.464280,-0.885688,-1.000000
0.507626,-0.861577,-1.000000
-0.913184,-0.407548,1.000000
0.600632,-0.799526,-1.000000
-0.947578,-0.319526,-1.000000
-0.967989,-0.250993,1.000000
-0.988528,-0.151041,1.000000
0.805302,-0.592864,1.000000
-0.995547,0.094269,1.000000
0.910294,-0.413962,1.000000
0.930790,-0.365554,-1.000000
0.973096,-0.230398,-1.000000
0.991297,0.131645,-1.000000
0.984344,0.176257,1.000000
-0.632974,0.774173,-1.000000
-0.566799,0.823856,1.000000
-0.408289,0.912853,-1.000000
-0.011172,0.999938,-1.000000
0.523014,0.852324,1.000000
0.013190,0.999913,-1.000000
0.189783,0.981826,-1.000000
0.275360,0.961341,-1.000000
-0.556462,-0.830873,-1.000000
-0.332771,-0.943008,1.000000
-0.730712,-0.682686,-1.000000
-0.798467,-0.602038,1.000000
-0.808456,-0.588557,-1.000000
-0.949712,-0.313124,1.000000
-0.998236,-0.059376,-1.000000
0.381953,-0.924182,1.000000
-0.999873,0.015959,1.000000
-0.998551,0.053806,1.000000
0.466393,-0.884577,1.000000
0.471890,-0.881658,1.000000
0.507599,-0.861593,-1.000000
0.612677,-0.790333,-1.000000
0.624431,-0.781080,1.000000
0.680681,-0.732580,1.000000
-0.868720,0.495303,-1.000000
-0.824868,0.565326,-1.000000
0.925412,-0.378962,-1.000000
0.960410,0.278589,-1.000000
-0.121554,0.992585,-1.000000
-0.026947,0.999637,1.000000
-0.010995,0.999940,-1.000000
0.075893,0.997116,-1.000000
0.086677,0.996237,-1.000000
0.825457,0.564465,-1.000000
0.315295,0.948994,1.000000
0.653253,0.757139,1.000000
0.421814,0.906682,-1.000000
0.595952,0.803020,-1.000000
0.560737,0.827994,1.000000
0.540458,0.841371,-1.000000
-0.606825,0.794836,1.000000
0.673275,0.739392,-1.000000
0.682087,0.731271,1.000000
-0.963274,0.268519,-1.000000
0.765047,0.643974,-1.000000
0.766174,0.642633,1.000000
-0.986713,0.162474,-1.000000
0.795239,0.606296,-1.000000
-0.998286,0.058520,-1.000000
-0.994910,-0.100770,-1.000000
0.924514,0.381149,1.000000
0.931968,0.362541,-1.000000
0.943350,0.331800,-1.000000
0.943499,0.331374,-1.000000
0.955378,0.295387,-1.000000
-0.946086,-0.323916,-1.000000
-0.931683,-0.363272,1.000000
0.993955,0.109790,1.000000
0.999086,0.042736,-1.000000
-0.860013,-0.510272,-1.000000
-0.740771,-0.671757,-1.000000
0.950473,-0.310808,-1.000000
0.879884,-0.475189,1.000000
0.820907,-0.571062,-1.000000
0.783376,-0.621548,1.000000
-0.041065,-0.999156,-1.000000
0.454277,-0.890860,-1.000000
0.082562,-0.996586,-1.000000
0.129923,-0.991524,-1.000000
0.289710,-0.957114,-1.000000
0.265534,-0.964101,-1.000000
0.243930,-0.969793,-1.000000
0.863651,-0.504090,1.000000
0.844520,-0.535524,1.000000
0.645563,-0.763707,1.000000
0.620377,-0.784304,-1.000000
0.998393,-0.056667,1.000000
0.996268,0.086309,-1.000000
0.387291,-0.921957,1.000000
0.339759,-0.940513,1.000000
0.246533,-0.969135,-1.000000
0.955275,0.295720,-1.000000
-0.062964,-0.998016,-1.000000
-0.072455,-0.997372,-1.000000
-0.196427,-0.980519,1.000000
0.627942,0.778260,1.000000
-0.398470,-0.917181,-1.000000
-0.756725,-0.653733,-1.000000
0.123366,0.992361,-1.000000
-0.869570,-0.493809,-1.000000
-0.033216,0.999448,-1.000000
-0.239976,0.970779,-1.000000
-0.291538,0.956559,1.000000
-0.297465,0.954733,-1.000000
-0.987995,-0.154487,1.000000
-0.425572,0.904925,-1.000000
-0.999929,0.011933,-1.000000
-0.534873,0.844932,-1.000000
-0.983444,0.181215,-1.000000
-0.666484,0.745519,-1.000000
-0.732038,0.681264,-1.000000
-0.778717,0.627375,-1.000000
-0.888934,0.458035,-1.000000
-0.871109,0.491089,-1.000000
-0.748827,-0.662765,1.000000
-0.683349,-0.730091,-1.000000
-0.793375,-0.608734,1.000000
-0.798734,-0.601685,-1.000000
-0.539548,-0.841955,1.000000
-0.953729,-0.300667,-1.000000
-0.010745,-0.999942,1.000000
-0.995980,0.089577,1.000000
-0.991941,0.126698,1.000000
0.415096,-0.909778,1.000000
0.437510,-0.899214,1.000000
-0.739992,0.672615,1.000000
-0.679492,0.733682,-1.000000
0.693943,-0.720030,1.000000
0.743305,-0.668953,-1.000000
0.768302,-0.640087,-1.000000
-0.524324,0.851519,1.000000
0.840517,-0.541785,1.000000
-0.438788,0.898591,1.000000
-0.355438,0.934700,-1.000000
0.974165,-0.225838,-1.000000
-0.082342,0.996604,1.000000
0.987507,-0.157575,1.000000
-0.065335,0.997863,1.000000
0.024833,0.999692,1.000000
0.185519,0.982641,1.000000
0.235740,0.971816,1.000000
0.978349,0.206962,1.000000
0.319569,0.947563,1.000000
0.928948,0.370210,1.000000
0.906546,0.422106,1.000000
0.737800,0.675020,-1.000000
-0.943519,0.331319,-1.000000
-0.948051,0.318119,1.000000
-0.958824,0.284002,-1.000000
-0.700869,0.713290,-1.000000
-0.992283,0.123996,-1.000000
-0.999946,0.010385,-1.000000
-0.907426,-0.420212,1.000000
-0.158892,0.987296,-1.000000
-0.867161,-0.498028,1.000000
-0.828550,-0.559915,-1.000000
-0.031307,0.999510,1.000000
-0.748149,-0.663531,-1.000000
-0.715871,-0.698233,1.000000
0.292419,0.956290,1.000000
-0.452962,-0.891530,-1.000000
0.458621,0.888632,1.000000
0.514838,0.857287,1.000000
0.571009,0.820944,1.000000
0.596398,0.802689,-1.000000
-0.250132,-0.968212,1.000000
0.771578,0.636135,1.000000
-0.005268,-0.999986,-1.000000
0.284435,-0.958695,1.000000
0.961509,0.274773,1.000000
0.985317,0.170737,1.000000
0.998972,-0.045340,1.000000
0.992716,-0.120480,1.000000
0.704817,-0.709389,1.000000
0.807248,-0.590212,1.000000
0.856337,-0.516418,1.000000
0.861491,-0.507773,1.000000
0.896108,-0.443837,1.000000
0.792184,-0.610282,-1.000000
0.651099,-0.758993,1.000000
0.446511,-0.894778,-1.000000
0.998156,0.060698,-1.000000
0.995740,0.092205,-1.000000
0.994785,0.101994,-1.000000
0.128903,-0.991657,-1.000000
0.027900,-0.999611,1.000000
0.023995,-0.999712,-1.000000
0.920539,0.390652,-1.000000
-0.080097,-0.996787,1.000000
0.821696,0.569926,-1.000000
-0.201834,-0.979420,-1.000000
-0.268620,-0.963246,-1.000000
-0.365619,-0.930765,-1.000000
0.606165,0.795339,1.000000
-0.512478,-0.858701,-1.000000
0.466274,0.884640,1.000000
0.268979,0.963146,1.000000
0.232030,0.972709,1.000000
-0.966901,-0.255152,-1.000000
-0.999702,-0.024426,-1.000000
-0.420608,0.907243,1.000000
-0.472992,0.881067,-1.000000
-0.493466,0.869765,1.000000
-0.621144,0.783696,1.000000
-0.957602,0.288093,-1.000000
-0.709061,0.705148,-1.000000
-0.739248,0.673433,-1.000000
-0.740552,0.671999,1.000000
-0.846349,0.532628,-1.000000
-0.837761,0.546037,-1.000000
-0.993865,0.110604,-1.000000
-0.995827,0.091260,1.000000
-0.936211,-0.351438,-1.000000
-0.842916,-0.538045,-1.000000
-0.789122,-0.614236,1.000000
-0.478873,0.877884,-1.000000
-0.454731,0.890629,1.000000
-0.695991,-0.718050,-1.000000
-0.695926,-0.718114,1.000000
-0.678565,-0.734540,-1.000000
-0.657034,-0.753861,-1.000000
-0.274953,0.961458,-1.000000
-0.103526,0.994627,1.000000
-0.367216,-0.930136,-1.000000
-0.240196,-0.970724,1.000000
0.101322,0.994854,1.000000
0.159648,0.987174,1.000000
-0.103411,-0.994639,-1.000000
0.254166,0.967161,1.000000
-0.049023,-0.998798,1.000000
0.001683,-0.999999,1.000000
0.147944,-0.988996,1.000000
0.548119,0.836401,-1.000000
0.562297,0.826935,-1.000000
0.467491,-0.883998,1.000000
0.608065,-0.793888,-1.000000
0.610364,-0.792121,-1.000000
0.878591,0.477576,-1.000000
0.995946,0.089955,-1.000000
0.950490,-0.310755,-1.000000
0.997213,-0.074602,1.000000
0.987128,-0.159934,-1.000000
-0.020678,0.999786,1.000000
0.175660,0.984451,-1.000000
-0.396147,0.918187,-1.000000
0.403129,0.915143,-1.000000
-0.785785,0.618500,-1.000000
-0.812230,0.583337,1.000000
0.744211,0.667944,1.000000
0.872106,0.489317,1.000000
0.919249,0.393677,1.000000
0.955417,0.295261,1.000000
0.968715,0.248177,-1.000000
-0.999624,0.027433,-1.000000
-0.999898,-0.014298,-1.000000
-0.991647,-0.128985,1.000000
-0.991011,-0.133779,-1.000000
0.999931,-0.011776,-1.000000
-0.971031,-0.238953,-1.000000
0.909623,-0.415434,1.000000
0.895807,-0.444443,1.000000
-0.831101,-0.556121,1.000000
-0.815319,-0.579012,-1.000000
-0.805245,-0.592942,-1.000000
-0.797488,-0.603335,1.000000
0.627146,-0.778902,1.000000
-0.464941,-0.885342,-1.000000
0.496260,-0.868174,-1.000000
-0.365977,-0.930624,-1.000000
-0.280803,-0.959765,-1.000000
0.385665,-0.922639,-1.000000
-0.245409,-0.969420,1.000000
0.206376,-0.978473,-1.000000
0.063708,-0.997969,-1.000000
0.840462,0.541871,-1.000000
0.815865,0.578243,1.000000
0.690219,0.723600,-1.000000
0.595936,0.803032,-1.000000
0.406981,0.913436,1.000000
0.918427,-0.395590,1.000000
0.898782,-0.438395,-1.000000
0.008175,0.999967,-1.000000
0.874729,-0.484613,-1.000000
-0.054948,0.998489,1.000000
-0.214292,0.976770,-1.000000
-0.250690,0.968067,1.000000
-0.371279,0.928521,1.000000
-0.431736,0.902000,-1.000000
0.529011,-0.848615,1.000000
-0.521865,0.853028,1.000000
-0.692350,0.721562,1.000000
0.206540,-0.978438,-1.000000
0.197984,-0.980205,1.000000
-0.854338,0.519718,1.000000
-0.942160,0.335163,1.000000
-0.186009,-0.982548,-1.000000
-0.953588,0.301115,1.000000
-0.282961,-0.959132,1.000000
-0.326840,-0.945080,-1.000000
-0.986512,0.163689,1.000000
-0.999965,-0.008414,1.000000
-0.986680,-0.162672,1.000000
-0.981560,-0.191153,1.000000
-0.966143,-0.258006,1.000000
-0.960700,-0.277589,1.000000
-0.861204,-0.508259,1.000000
0.070235,-0.997530,-1.000000
0.164221,-0.986424,-1.000000
-0.235491,-0.971877,1.000000
0.429978,-0.902839,1.000000
-0.622603,-0.782538,1.000000
0.714346,-0.699793,1.000000
0.745196,-0.666846,1.000000
-0.735047,-0.678016,-1.000000
0.833304,-0.552815,-1.000000
0.974711,-0.223469,-1.000000
0.980932,-0.194349,1.000000
0.999788,-0.020613,-1.000000
-0.999990,0.004441,-1.000000
0.987774,0.155891,1.000000
0.982097,0.188377,-1.000000
0.979293,0.202446,-1.000000
0.955526,0.294908,1.000000
0.913017,0.407921,-1.000000
0.878901,0.477004,-1.000000
0.804400,0.594088,1.000000
-0.860545,0.509374,1.000000
-0.725130,0.688612,1.000000
0.511191,0.859467,1.000000
0.464365,0.885644,1.000000
-0.547301,0.836936,1.000000
0.395434,0.918494,1.000000
0.323078,0.946372,-1.000000
-0.381342,0.924434,1.000000
-0.355482,0.934683,1.000000
0.068896,0.997624,1.000000
0.041388,0.999143,-1.000000
-0.051216,0.998688,1.000000
-0.304238,0.952596,1.000000
-0.240839,0.970565,-1.000000
-0.160998,0.986955,-1.000000
-0.562602,0.826728,-1.000000
-0.649337,0.760501,1.000000
0.256255,0.966609,-1.000000
-0.756282,0.654246,1.000000
-0.760782,0.649007,-1.000000
-0.763701,0.645570,-1.000000
0.282859,0.959161,-1.000000
-0.778750,0.627334,1.000000
0.364223,0.931312,1.000000
0.428982,0.903313,1.000000
0.553173,0.833067,-1.000000
0.757379,0.652976,-1.000000
-0.986116,-0.166061,1.000000
-0.985218,-0.171303,-1.000000
-0.870460,-0.492239,-1.000000
-0.813883,-0.581029,1.000000
0.998729,-0.050410,-1.000000
-0.578391,-0.815760,-1.000000
-0.513139,-0.858305,-1.000000
0.865362,-0.501147,-1.000000
0.854282,-0.519809,1.000000
-0.296851,-0.954924,-1.000000
-0.271425,-0.962460,-1.000000
0.574149,-0.818751,1.000000
0.489878,-0.871791,-1.000000
0.475817,-0.879544,-1.000000
0.103809,-0.994597,-1.000000
0.106520,-0.994311,1.000000
0.289357,-0.957221,-1.000000
-0.772053,-0.635558,-1.000000
-0.999978,0.006605,-1.000000
-0.989502,0.144519,-1.000000
-0.987948,0.154785,1.000000
-0.514927,-0.857234,-1.000000
-0.955673,0.294430,1.000000
-0.827432,0.561566,1.000000
-0.822765,0.568382,-1.000000
-0.190962,-0.981597,1.000000
-0.727727,0.685867,1.000000
-0.697984,0.716113,1.000000
-0.675949,0.736948,1.000000
0.206752,-0.978393,-1.000000
0.233386,-0.972384,-1.000000
-0.468029,0.883713,1.000000
-0.364285,0.931287,1.000000
-0.359382,0.933191,1.000000
0.400575,-0.916264,-1.000000
-0.336500,0.941683,1.000000
-0.217912,0.975968,-1.000000
-0.127356,0.991857,1.000000
-0.019101,0.999818,1.000000
0.411826,0.911262,-1.000000
0.938204,-0.346083,-1.000000
0.510213,0.860048,1.000000
0.541443,0.840737,-1.000000
0.982366,-0.186970,-1.000000
0.702405,0.711777,-1.000000
0.999959,0.009077,-1.000000
0.745678,0.666306,-1.000000
0.812057,0.583579,-1.000000
0.927325,0.374257,-1.000000
-0.998223,-0.059587,-1.000000
-0.946122,-0.323811,1.000000
-0.940933,-0.338593,1.000000
-0.672737,-0.739882,-1.000000
-0.585249,-0.810853,-1.000000
-0.479567,-0.877505,-1.000000
-0.297801,-0.954628,-1.000000
-0.289903,-0.957056,1.000000
-0.146403,-0.989225,-1.000000
-0.450954,0.892547,1.000000
-0.126071,-0.992021,-1.000000
-0.119108,-0.992881,-1.000000
-0.329511,0.944152,-1.000000
0.036837,-0.999321,1.000000
0.077398,-0.997000,1.000000
0.195954,-0.980613,-1.000000
0.379337,-0.925259,-1.000000
0.488152,0.872759,-1.000000
0.781854,-0.623462,1.000000
0.787648,-0.616126,-1.000000
0.878069,-0.478535,-1.000000
0.704403,0.709800,-1.000000
0.728744,0.684787,-1.000000
0.923333,-0.384001,-1.000000
0.963108,-0.269115,-1.000000
0.967000,-0.254778,-1.000000
0.978882,-0.204424,-1.000000
0.995995,-0.089408,-1.000000
0.999874,-0.015893,-1.000000
0.989229,0.146377,-1.000000
0.984472,0.175541,-1.000000
0.985942,0.167086,-1.000000
-0.422881,0.906185,-1.000000
-0.352527,0.935802,-1.000000
-0.543672,0.839298,-1.000000
-0.046756,0.998906,1.000000
-0.778778,0.627299,-1.000000
0.015888,0.999874,1.000000
-0.832710,0.553709,-1.000000
0.151667,0.988432,1.000000
0.352818,0.935692,1.000000
-0.948425,0.317003,-1.000000
-0.977830,0.209400,1.000000
-0.998971,0.045355,1.000000
-0.996815,-0.079754,1.000000
0.704332,0.709871,1.000000
-0.991063,-0.133396,1.000000
-0.984231,-0.176889,1.000000
-0.962117,-0.272636,-1.000000
-0.952004,-0.306087,1.000000
0.934086,0.357049,1.000000
0.936400,0.350934,-1.000000
-0.810650,-0.585531,1.000000
-0.651248,-0.758865,1.000000
0.999730,-0.023220,-1.000000
0.999444,-0.033354,1.000000
-0.504498,-0.863413,1.000000
-0.446236,-0.894915,1.000000
-0.248294,-0.968685,1.000000
-0.206767,-0.978390,1.000000
0.694820,-0.719183,-1.000000
0.680505,-0.732743,1.000000
0.645544,-0.763723,1.000000
0.426845,-0.904325,1.000000
0.631823,-0.775113,1.000000
0.020756,-0.999785,-1.000000
0.916358,-0.400360,-1.000000
-0.077699,-0.996977,-1.000000
0.993697,-0.112098,-1.000000
0.999981,-0.006154,-1.000000
0.999962,0.008680,-1.000000
-0.627817,-0.778361,-1.000000
-0.670585,-0.741832,1.000000
-0.742608,-0.669726,1.000000
0.933216,0.359316,1.000000
0.896094,0.443864,-1.000000
-0.822658,-0.568536,-1.000000
0.871301,0.490748,-1.000000
0.842981,0.537943,-1.000000
0.840428,0.541923,-1.000000
-0.887982,-0.459878,1.000000
-0.895451,-0.445160,-1.000000
0.685481,0.728090,-1.000000
0.679652,0.733535,-1.000000
0.653079,0.757289,-1.000000
0.645920,0.763405,-1.000000
-0.985403,-0.170239,-1.000000
-0.994239,-0.107186,-1.000000
0.482501,0.875895,-1.000000
0.438544,0.898710,1.000000
0.159414,0.987212,-1.000000
-0.921888,0.387456,-1.000000
-0.322042,0.946725,-1.000000
-0.589341,0.807884,1.000000
-0.480725,0.876871,-1.000000
-0.521284,0.853383,-1.000000
-0.317243,0.948344,-1.000000
-0.224517,0.974470,-1.000000
-0.217954,0.975959,-1.000000
-0.597436,0.801916,-1.000000
-0.605622,0.795752,1.000000
-0.178398,0.983958,1.000000
-0.687615,0.726076,-1.000000
-0.039944,0.999202,-1.000000
-0.728428,0.685122,-1.000000
0.039531,0.999218,-1.000000
-0.812940,0.582348,1.000000
0.344927,0.938629,-1.000000
-0.947814,0.318822,1.000000
-0.981983,0.188969,-1.000000
0.651515,0.758636,-1.000000
0.721451,0.692465,-1.000000
0.740322,0.672253,-1.000000
0.746892,0.664945,1.000000
-0.924141,-0.382051,1.000000
-0.858527,-0.512768,-1.000000
0.953059,0.302785,-1.000000
-0.835142,-0.550034,1.000000
-0.807612,-0.589714,-1.000000
0.982224,0.187711,-1.000000
-0.549463,-0.835518,-1.000000
0.949590,-0.313494,-1.000000
-0.315411,-0.948955,-1.000000
0.146539,-0.989205,-1.000000
0.616708,-0.787192,-1.000000
0.264338,-0.964430,-1.000000
0.273608,-0.961841,1.000000
0.412159,-0.911112,-1.000000
0.896739,-0.442559,-1.000000
0.976755,-0.214361,-1.000000
0.689277,-0.724498,-1.000000
0.532122,-0.846667,1.000000
0.521676,-0.853144,-1.000000
0.995105,0.098824,1.000000
0.411114,-0.911584,-1.000000
0.957202,0.289421,-1.000000
0.190599,-0.981668,1.000000
0.166634,-0.986019,-1.000000
0.914912,0.403653,1.000000
0.881097,0.472936,-1.000000
-0.149169,-0.988812,1.000000
0.695567,0.718462,-1.000000
-0.269038,-0.963130,1.000000
-0.381791,-0.924249,-1.000000
0.525970,0.850503,1.000000
0.241944,0.970290,1.000000
0.229171,0.973386,1.000000
-0.074230,0.997241,1.000000
-0.124200,0.992257,1.000000
-0.159096,0.987263,1.000000
-0.938596,-0.345018,-1.000000
-0.444867,0.895597,1.000000
-0.997162,-0.075292,-1.000000
-0.666713,0.745315,1.000000
-0.670834,0.741608,-1.000000
-0.964802,0.262978,1.000000
-0.953560,0.301203,1.000000
-0.753612,0.657320,1.000000
-0.755289,0.655392,1.000000
-0.871312,0.490730,-1.000000
-0.327896,-0.944714,1.000000
-0.199685,-0.979860,1.000000
-0.742195,-0.670184,-1.000000
-0.817131,-0.576452,1.000000
0.097835,-0.995203,-1.000000
-0.905665,-0.423994,1.000000
0.383237,-0.923650,-1.000000
0.390052,-0.920793,1.000000
-0.976089,-0.217373,1.000000
-0.994943,-0.100440,1.000000
0.619623,-0.784900,1.000000
0.637911,-0.770110,1.000000
0.781009,-0.624519,-1.000000
-0.968161,0.250329,1.000000
0.793620,-0.608414,1.000000
0.822056,-0.569407,-1.000000
0.854223,-0.519906,1.000000
-0.858291,0.513164,-1.000000
0.933060,-0.359722,-1.000000
-0.832761,0.553632,1.000000
-0.799737,0.600351,1.000000
0.984138,-0.177404,-1.000000
-0.711122,0.703068,-1.000000
0.990496,-0.137541,-1.000000
0.999731,0.023209,-1.000000
-0.477750,0.878496,-1.000000
0.934256,0.356604,1.000000
-0.049156,0.998791,-1.000000
0.005234,0.999986,-1.000000
0.395618,0.918415,-1.000000
0.404951,0.914338,-1.000000
0.444248,0.895904,-1.000000
0.457332,-0.889296,1.000000
0.088206,-0.996102,1.000000
0.585580,-0.810615,1.000000
0.668591,-0.743630,-1.000000
0.700258,-0.713890,-1.000000
-0.228323,-0.973585,-1.000000
-0.356674,-0.934229,1.000000
0.816678,-0.577094,-1.000000
-0.400830,-0.916152,-1.000000
-0.413385,-0.910556,1.000000
0.921234,-0.389009,-1.000000
0.938145,-0.346242,1.000000
0.945329,-0.326117,1.000000
0.992963,-0.118425,-1.000000
0.999046,-0.043669,-1.000000
0.999187,0.040315,1.000000
0.999111,0.042156,1.000000
-0.893684,-0.448697,-1.000000
-0.922534,-0.385915,1.000000
-0.950559,-0.310545,1.000000
0.927327,0.374251,-1.000000
0.763737,0.645528,-1.000000
0.707945,0.706268,1.000000
0.607418,0.794382,-1.000000
-0.815420,0.578870,1.000000
0.286244,0.958157,1.000000
-0.645567,0.763704,1.000000
0.014832,0.999890,1.000000
0.008017,0.999968,1.000000
-0.142450,0.989802,1.000000
-0.148996,0.988838,1.000000
-0.282696,0.959209,1.000000
-0.995865,0.090842,1.000000
-0.897055,0.441920,-1.000000
-0.888765,0.458363,1.000000
-0.995025,-0.099627,1.000000
-0.977195,-0.212346,-1.000000
-0.630515,0.776177,1.000000
-0.819499,-0.573081,1.000000
-0.354774,0.934952,1.000000
-0.353504,0.935433,1.000000
-0.689713,-0.724083,-1.000000
-0.211127,0.977459,-1.000000
-0.056416,0.998407,-1.000000
0.422060,0.906568,-1.000000
0.431725,0.902005,1.000000
0.434247,0.900794,-1.000000
0.475760,0.879575,-1.000000
0.126962,-0.991908,-1.000000
0.581160,0.813789,-1.000000
0.214334,-0.976760,-1.000000
0.255179,-0.966894,-1.000000
0.797486,0.603338,-1.000000
0.553423,-0.832900,-1.000000
0.637154,-0.770736,1.000000
0.930024,0.367500,-1.000000
0.936210,0.351441,-1.000000
0.746657,-0.665209,1.000000
0.987181,0.159607,1.000000
0.854902,-0.518789,1.000000
0.997404,0.072008,-1.000000
0.902773,-0.430117,-1.000000
0.971338,-0.237705,-1.000000
0.975521,-0.219907,-1.000000
-0.737088,-0.675797,-1.000000
-0.767747,-0.640753,1.000000
-0.496733,-0.867903,1.000000
-0.459142,-0.888363,-1.000000
-0.891972,-0.452091,-1.000000
-0.932723,-0.360593,1.000000
-0.970306,-0.241880,1.000000
-0.138043,-0.990426,-1.000000
-0.989910,-0.141700,-1.000000
-0.950967,0.309292,-1.000000
0.893562,-0.448939,-1.000000
0.901166,-0.433474,-1.000000
-0.408974,0.912546,1.000000
0.917987,-0.396611,-1.000000
-0.407842,0.913053,1.000000
0.931080,-0.364814,-1.000000
-0.332281,0.943180,-1.000000
-0.159796,0.987150,-1.000000
0.993881,-0.110456,-1.000000
-0.118677,0.992933,-1.000000
0.996300,0.085938,1.000000
0.963006,0.269481,-1.000000
0.269536,0.962990,-1.000000
0.396088,0.918213,-1.000000
0.909999,0.414611,-1.000000
0.416527,0.909123,-1.000000
0.874213,0.485542,-1.000000
0.832856,0.553490,1.000000
0.814851,0.579670,-1.000000
0.568965,0.822362,-1.000000
0.657741,0.753245,-1.000000
0.702468,0.711716,-1.000000
-0.375001,-0.927024,-1.000000
-0.248874,-0.968536,1.000000
-0.237585,-0.971367,1.000000
-0.221270,-0.975213,1.000000
-0.534021,-0.845471,-1.000000
-0.639506,-0.768786,-1.000000
-0.662051,-0.749459,-1.000000
0.194878,-0.980827,1.000000
0.378223,-0.925715,-1.000000
0.383114,-0.923701,-1.000000
0.506187,-0.862424,-1.000000
0.543076,-0.839683,1.000000
-0.999414,-0.034228,1.000000
-0.957057,0.289901,-1.000000
-0.955005,0.296589,1.000000
0.927331,-0.374242,1.000000
-0.942874,0.333150,1.000000
0.999634,-0.027056,1.000000
-0.700667,0.713488,1.000000
0.978631,0.205625,1.000000
-0.598187,0.801356,1.000000
-0.458389,0.888752,1.000000
0.922991,0.384820,-1.000000
0.909306,0.416128,1.000000
0.875490,0.483236,1.000000
0.843068,0.537807,1.000000
0.616000,0.787746,1.000000
0.122842,0.992426,1.000000
0.536039,0.844193,1.000000
0.272860,0.962054,1.000000
0.399738,0.916629,1.000000
0.347520,0.937673,1.000000
0.614119,-0.789214,-1.000000
0.429598,-0.903020,1.000000
0.670419,-0.741983,1.000000
0.353698,-0.935360,-1.000000
0.339622,-0.940562,1.000000
0.331708,-0.943382,1.000000
0.327143,-0.944975,1.000000
0.214206,-0.976789,-1.000000
0.879180,-0.476489,-1.000000
-0.049272,-0.998785,1.000000
-0.110091,-0.993922,1.000000
0.982959,-0.183823,-1.000000
-0.283839,-0.958872,-1.000000
-0.286321,-0.958134,-1.000000
0.996901,-0.078672,-1.000000
0.992101,0.125445,-1.000000
0.978138,0.207956,-1.000000
-0.594547,-0.804061,1.000000
-0.625353,-0.780342,1.000000
0.920499,0.390744,-1.000000
-0.790370,-0.612629,-1.000000
-0.888472,-0.458930,-1.000000
-0.964973,-0.262351,-1.000000
0.485563,0.874202,-1.000000
0.440488,0.897758,-1.000000
0.238810,0.971066,1.000000
-0.938689,0.344766,-1.000000
-0.107666,0.994187,-1.000000
-0.844048,0.536268,-1.000000
-0.721802,0.692100,-1.000000
-0.351155,0.936317,-1.000000
-0.545765,0.837938,-1.000000
